"","Survey_name","Survey_code","Species","Year","Month","Sample_size","Comp_1","Comp_2","Comp_3","Comp_4","Comp_5","Comp_6","Comp_7","Comp_8","Comp_9","Comp_10","Comp_11","Comp_12","Comp_13","Comp_14","Comp_15","Comp_16","Comp_17","Comp_18","Comp_19","Comp_20"
"20","Pcod_bt_survey",5,2,1987,7,100,"2.48E+06","3.06E+07","5.32E+07","4.23E+07","1.91E+07","2.68E+06","0","0","0","0","0","0","0","0","0","0","0","0","0","0"
"21","Pcod_bt_survey",5,2,1990,7,100,"5.98E+06","1.26E+07","4.64E+07","4.91E+07","3.94E+07","2.57E+07","9.62E+06","4.99E+06","1.89E+06","374453","81782","20790.5","0","0","0","0","0","0","0","0"
"22","Pcod_bt_survey",5,2,1993,7,100,"1.35E+07","1.51E+07","4.16E+07","5.78E+07","4.84E+07","2.97E+07","8.59E+06","4.52E+06","790766","220152","28685.8","0","0","0","0","0","0","0","0","0"
"23","Pcod_bt_survey",5,2,1996,7,100,"7.66E+07","2.12E+07","3.89E+07","4.29E+07","5.15E+07","5.04E+07","2.81E+07","4.89E+06","1.65E+06","157912","39024","27884","0","0","0","0","0","0","0","0"
"24","Pcod_bt_survey",5,2,1999,7,100,"8.49E+06","6.44E+06","2.44E+07","3.78E+07","4.41E+07","2.50E+07","8.70E+06","3.65E+06","1.26E+06","292775","117555","0","0","0","0","0","0","0","0","0"
"25","Pcod_bt_survey",5,2,2001,7,100,"2.07E+07","1.73E+07","3.44E+07","3.08E+07","2.31E+07","1.80E+07","8.66E+06","3.21E+06","898642","358845","14658","146403","0","0","0","0","0","0","0","0"
"26","Pcod_bt_survey",5,2,2003,7,100,"5.33E+06","5.44E+06","2.87E+07","4.25E+07","4.35E+07","2.11E+07","7.74E+06","3.59E+06","522705","139581","143500","149697","0","0","0","0","0","0","0","0"
"27","Pcod_bt_survey",5,2,2005,7,100,"9.75E+06","1.04E+07","1.50E+07","2.19E+07","3.73E+07","2.72E+07","7.32E+06","3.14E+06","658592","311308","82492","179423","0","174932","0","0","0","0","0","0"
"28","Pcod_bt_survey",5,2,2007,7,100,"6.02E+07","2.37E+07","4.53E+07","2.12E+07","1.77E+07","7.65E+06","5.97E+06","3.32E+06","389724","12574","94575.8","0","0","0","0","0","0","0","0","0"
"29","Pcod_bt_survey",5,2,2009,7,100,"1.48E+08","4.23E+07","1.47E+08","1.30E+08","7.41E+07","2.14E+07","4.09E+06","2.51E+06","296702","136744","0","0","0","0","0","0","0","0","0","0"
"30","Pcod_bt_survey",5,2,2011,7,100,"8.54E+06","3.66E+07","1.41E+08","9.71E+07","5.15E+07","1.14E+07","1.49E+06","134745","0","0","0","21853","0","0","0","0","0","0","0","0"
"31","Pcod_bt_survey",5,2,2013,7,100,"7.48E+07","2.14E+07","6.93E+07","5.73E+07","6.07E+07","3.32E+07","1.12E+07","3.21E+06","282641","0","122280","0","0","0","0","0","0","0","0","0"
"32","Pcod_bt_survey",5,2,2015,7,100,"1.23E+07","3.49E+07","8.72E+07","4.44E+07","1.03E+07","3.08E+06","2.06E+06","206131","0","98782","0","0","0","0","0","0","0","0","0","0"
"33","Pcod_bt_survey",5,2,2017,7,100,"4.37E+06","545390","3.17E+06","2.23E+07","1.21E+07","958768","168416","0","13311","0","0","0","0","0","0","0","0","0","0","0"
"1154","Pcod_bt_survey",5,2,1987,7,0.14,"1","0","0","0","0","0","0","0","0","0","0","0","0","0","0","0","0","0","0","0"
"1155","Pcod_bt_survey",5,2,1987,7,0.14,"1","0","0","0","0","0","0","0","0","0","0","0","0","0","0","0","0","0","0","0"
"1156","Pcod_bt_survey",5,2,1987,7,0.28,"1","0","0","0","0","0","0","0","0","0","0","0","0","0","0","0","0","0","0","0"
"1157","Pcod_bt_survey",5,2,1987,7,0.7,"1","0","0","0","0","0","0","0","0","0","0","0","0","0","0","0","0","0","0","0"
"1158","Pcod_bt_survey",5,2,1987,7,0.98,"1","0","0","0","0","0","0","0","0","0","0","0","0","0","0","0","0","0","0","0"
"1159","Pcod_bt_survey",5,2,1987,7,0.84,"1","0","0","0","0","0","0","0","0","0","0","0","0","0","0","0","0","0","0","0"
"1160","Pcod_bt_survey",5,2,1987,7,0.56,"1","0","0","0","0","0","0","0","0","0","0","0","0","0","0","0","0","0","0","0"
"1161","Pcod_bt_survey",5,2,1987,7,0.14,"1","0","0","0","0","0","0","0","0","0","0","0","0","0","0","0","0","0","0","0"
"1162","Pcod_bt_survey",5,2,1987,7,0.14,"1","0","0","0","0","0","0","0","0","0","0","0","0","0","0","0","0","0","0","0"
"1163","Pcod_bt_survey",5,2,1987,7,0.56,"0","1","0","0","0","0","0","0","0","0","0","0","0","0","0","0","0","0","0","0"
"1164","Pcod_bt_survey",5,2,1987,7,0.14,"0","1","0","0","0","0","0","0","0","0","0","0","0","0","0","0","0","0","0","0"
"1165","Pcod_bt_survey",5,2,1987,7,0.14,"0","1","0","0","0","0","0","0","0","0","0","0","0","0","0","0","0","0","0","0"
"1166","Pcod_bt_survey",5,2,1987,7,0.42,"0","1","0","0","0","0","0","0","0","0","0","0","0","0","0","0","0","0","0","0"
"1167","Pcod_bt_survey",5,2,1987,7,0.56,"0","1","0","0","0","0","0","0","0","0","0","0","0","0","0","0","0","0","0","0"
"1168","Pcod_bt_survey",5,2,1987,7,0.28,"0","1","0","0","0","0","0","0","0","0","0","0","0","0","0","0","0","0","0","0"
"1169","Pcod_bt_survey",5,2,1987,7,0.56,"0","0.75","0.25","0","0","0","0","0","0","0","0","0","0","0","0","0","0","0","0","0"
"1170","Pcod_bt_survey",5,2,1987,7,0.42,"0","0.333333","0.666667","0","0","0","0","0","0","0","0","0","0","0","0","0","0","0","0","0"
"1171","Pcod_bt_survey",5,2,1987,7,0.28,"0","0.5","0.5","0","0","0","0","0","0","0","0","0","0","0","0","0","0","0","0","0"
"1172","Pcod_bt_survey",5,2,1987,7,0.28,"0","0","1","0","0","0","0","0","0","0","0","0","0","0","0","0","0","0","0","0"
"1173","Pcod_bt_survey",5,2,1987,7,0.84,"0","0","1","0","0","0","0","0","0","0","0","0","0","0","0","0","0","0","0","0"
"1174","Pcod_bt_survey",5,2,1987,7,0.56,"0","0","1","0","0","0","0","0","0","0","0","0","0","0","0","0","0","0","0","0"
"1175","Pcod_bt_survey",5,2,1987,7,1.54,"0","0","1","0","0","0","0","0","0","0","0","0","0","0","0","0","0","0","0","0"
"1176","Pcod_bt_survey",5,2,1987,7,1.12,"0","0","1","0","0","0","0","0","0","0","0","0","0","0","0","0","0","0","0","0"
"1177","Pcod_bt_survey",5,2,1987,7,1.12,"0","0","1","0","0","0","0","0","0","0","0","0","0","0","0","0","0","0","0","0"
"1178","Pcod_bt_survey",5,2,1987,7,1.26,"0","0","1","0","0","0","0","0","0","0","0","0","0","0","0","0","0","0","0","0"
"1179","Pcod_bt_survey",5,2,1987,7,1.12,"0","0","1","0","0","0","0","0","0","0","0","0","0","0","0","0","0","0","0","0"
"1180","Pcod_bt_survey",5,2,1987,7,0.42,"0","0","1","0","0","0","0","0","0","0","0","0","0","0","0","0","0","0","0","0"
"1181","Pcod_bt_survey",5,2,1987,7,0.14,"0","0","1","0","0","0","0","0","0","0","0","0","0","0","0","0","0","0","0","0"
"1182","Pcod_bt_survey",5,2,1987,7,0.42,"0","0","0.666667","0.333333","0","0","0","0","0","0","0","0","0","0","0","0","0","0","0","0"
"1183","Pcod_bt_survey",5,2,1987,7,0.7,"0","0","0.8","0.2","0","0","0","0","0","0","0","0","0","0","0","0","0","0","0","0"
"1184","Pcod_bt_survey",5,2,1987,7,0.42,"0","0","1","0","0","0","0","0","0","0","0","0","0","0","0","0","0","0","0","0"
"1185","Pcod_bt_survey",5,2,1987,7,0.28,"0","0","1","0","0","0","0","0","0","0","0","0","0","0","0","0","0","0","0","0"
"1186","Pcod_bt_survey",5,2,1987,7,0.14,"0","0","1","0","0","0","0","0","0","0","0","0","0","0","0","0","0","0","0","0"
"1187","Pcod_bt_survey",5,2,1987,7,0.14,"0","0","1","0","0","0","0","0","0","0","0","0","0","0","0","0","0","0","0","0"
"1188","Pcod_bt_survey",5,2,1987,7,0.56,"0","0","0.25","0.75","0","0","0","0","0","0","0","0","0","0","0","0","0","0","0","0"
"1189","Pcod_bt_survey",5,2,1987,7,0.28,"0","0","0","1","0","0","0","0","0","0","0","0","0","0","0","0","0","0","0","0"
"1190","Pcod_bt_survey",5,2,1987,7,0.14,"0","0","0","1","0","0","0","0","0","0","0","0","0","0","0","0","0","0","0","0"
"1191","Pcod_bt_survey",5,2,1987,7,0.14,"0","0","0","0","1","0","0","0","0","0","0","0","0","0","0","0","0","0","0","0"
"1192","Pcod_bt_survey",5,2,1987,7,0.42,"0","0","0","1","0","0","0","0","0","0","0","0","0","0","0","0","0","0","0","0"
"1193","Pcod_bt_survey",5,2,1990,7,0.28,"0","0","0","0","0","0","0","0","1","0","0","0","0","0","0","0","0","0","0","0"
"1194","Pcod_bt_survey",5,2,1990,7,0.28,"0","0","0","0","0","0","0.5","0.5","0","0","0","0","0","0","0","0","0","0","0","0"
"1195","Pcod_bt_survey",5,2,1990,7,0.14,"0","0","0","0","0","0","0","1","0","0","0","0","0","0","0","0","0","0","0","0"
"1196","Pcod_bt_survey",5,2,1990,7,0.14,"1","0","0","0","0","0","0","0","0","0","0","0","0","0","0","0","0","0","0","0"
"1197","Pcod_bt_survey",5,2,1990,7,0.42,"1","0","0","0","0","0","0","0","0","0","0","0","0","0","0","0","0","0","0","0"
"1198","Pcod_bt_survey",5,2,1990,7,0.56,"1","0","0","0","0","0","0","0","0","0","0","0","0","0","0","0","0","0","0","0"
"1199","Pcod_bt_survey",5,2,1990,7,0.14,"1","0","0","0","0","0","0","0","0","0","0","0","0","0","0","0","0","0","0","0"
"1200","Pcod_bt_survey",5,2,1990,7,0.56,"1","0","0","0","0","0","0","0","0","0","0","0","0","0","0","0","0","0","0","0"
"1201","Pcod_bt_survey",5,2,1990,7,0.42,"1","0","0","0","0","0","0","0","0","0","0","0","0","0","0","0","0","0","0","0"
"1202","Pcod_bt_survey",5,2,1990,7,0.42,"1","0","0","0","0","0","0","0","0","0","0","0","0","0","0","0","0","0","0","0"
"1203","Pcod_bt_survey",5,2,1990,7,0.14,"1","0","0","0","0","0","0","0","0","0","0","0","0","0","0","0","0","0","0","0"
"1204","Pcod_bt_survey",5,2,1990,7,0.28,"1","0","0","0","0","0","0","0","0","0","0","0","0","0","0","0","0","0","0","0"
"1205","Pcod_bt_survey",5,2,1990,7,0.28,"0.5","0.5","0","0","0","0","0","0","0","0","0","0","0","0","0","0","0","0","0","0"
"1206","Pcod_bt_survey",5,2,1990,7,0.14,"0","1","0","0","0","0","0","0","0","0","0","0","0","0","0","0","0","0","0","0"
"1207","Pcod_bt_survey",5,2,1990,7,0.42,"0","1","0","0","0","0","0","0","0","0","0","0","0","0","0","0","0","0","0","0"
"1208","Pcod_bt_survey",5,2,1990,7,0.56,"0","1","0","0","0","0","0","0","0","0","0","0","0","0","0","0","0","0","0","0"
"1209","Pcod_bt_survey",5,2,1990,7,0.56,"0","1","0","0","0","0","0","0","0","0","0","0","0","0","0","0","0","0","0","0"
"1210","Pcod_bt_survey",5,2,1990,7,0.56,"0","1","0","0","0","0","0","0","0","0","0","0","0","0","0","0","0","0","0","0"
"1211","Pcod_bt_survey",5,2,1990,7,0.7,"0","1","0","0","0","0","0","0","0","0","0","0","0","0","0","0","0","0","0","0"
"1212","Pcod_bt_survey",5,2,1990,7,0.7,"0","1","0","0","0","0","0","0","0","0","0","0","0","0","0","0","0","0","0","0"
"1213","Pcod_bt_survey",5,2,1990,7,0.7,"0","1","0","0","0","0","0","0","0","0","0","0","0","0","0","0","0","0","0","0"
"1214","Pcod_bt_survey",5,2,1990,7,1.26,"0","1","0","0","0","0","0","0","0","0","0","0","0","0","0","0","0","0","0","0"
"1215","Pcod_bt_survey",5,2,1990,7,0.7,"0","1","0","0","0","0","0","0","0","0","0","0","0","0","0","0","0","0","0","0"
"1216","Pcod_bt_survey",5,2,1990,7,0.98,"0","0.571429","0.428571","0","0","0","0","0","0","0","0","0","0","0","0","0","0","0","0","0"
"1217","Pcod_bt_survey",5,2,1990,7,1.12,"0","0","1","0","0","0","0","0","0","0","0","0","0","0","0","0","0","0","0","0"
"1218","Pcod_bt_survey",5,2,1990,7,1.12,"0","0","1","0","0","0","0","0","0","0","0","0","0","0","0","0","0","0","0","0"
"1219","Pcod_bt_survey",5,2,1990,7,0.98,"0","0","1","0","0","0","0","0","0","0","0","0","0","0","0","0","0","0","0","0"
"1220","Pcod_bt_survey",5,2,1990,7,1.26,"0","0","1","0","0","0","0","0","0","0","0","0","0","0","0","0","0","0","0","0"
"1221","Pcod_bt_survey",5,2,1990,7,1.12,"0","0","1","0","0","0","0","0","0","0","0","0","0","0","0","0","0","0","0","0"
"1222","Pcod_bt_survey",5,2,1990,7,0.98,"0","0","1","0","0","0","0","0","0","0","0","0","0","0","0","0","0","0","0","0"
"1223","Pcod_bt_survey",5,2,1990,7,1.26,"0","0","1","0","0","0","0","0","0","0","0","0","0","0","0","0","0","0","0","0"
"1224","Pcod_bt_survey",5,2,1990,7,1.68,"0","0","1","0","0","0","0","0","0","0","0","0","0","0","0","0","0","0","0","0"
"1225","Pcod_bt_survey",5,2,1990,7,1.54,"0","0","1","0","0","0","0","0","0","0","0","0","0","0","0","0","0","0","0","0"
"1226","Pcod_bt_survey",5,2,1990,7,1.68,"0","0","1","0","0","0","0","0","0","0","0","0","0","0","0","0","0","0","0","0"
"1227","Pcod_bt_survey",5,2,1990,7,1.96,"0","0","1","0","0","0","0","0","0","0","0","0","0","0","0","0","0","0","0","0"
"1228","Pcod_bt_survey",5,2,1990,7,1.54,"0","0","1","0","0","0","0","0","0","0","0","0","0","0","0","0","0","0","0","0"
"1229","Pcod_bt_survey",5,2,1990,7,1.4,"0","0","1","0","0","0","0","0","0","0","0","0","0","0","0","0","0","0","0","0"
"1230","Pcod_bt_survey",5,2,1990,7,1.54,"0","0","0.909091","0.0909091","0","0","0","0","0","0","0","0","0","0","0","0","0","0","0","0"
"1231","Pcod_bt_survey",5,2,1990,7,1.54,"0","0","0.727273","0.272727","0","0","0","0","0","0","0","0","0","0","0","0","0","0","0","0"
"1232","Pcod_bt_survey",5,2,1990,7,1.12,"0","0","0.75","0.25","0","0","0","0","0","0","0","0","0","0","0","0","0","0","0","0"
"1233","Pcod_bt_survey",5,2,1990,7,1.54,"0","0","0.636364","0.272727","0.0909091","0","0","0","0","0","0","0","0","0","0","0","0","0","0","0"
"1234","Pcod_bt_survey",5,2,1990,7,1.96,"0","0","0.428571","0.428571","0.142857","0","0","0","0","0","0","0","0","0","0","0","0","0","0","0"
"1235","Pcod_bt_survey",5,2,1990,7,1.68,"0","0","0.166667","0.75","0.0833333","0","0","0","0","0","0","0","0","0","0","0","0","0","0","0"
"1236","Pcod_bt_survey",5,2,1990,7,1.82,"0","0","0.307692","0.692308","0","0","0","0","0","0","0","0","0","0","0","0","0","0","0","0"
"1237","Pcod_bt_survey",5,2,1990,7,2.1,"0","0","0.133333","0.666667","0.2","0","0","0","0","0","0","0","0","0","0","0","0","0","0","0"
"1238","Pcod_bt_survey",5,2,1990,7,1.82,"0","0","0.153846","0.538462","0.230769","0.0769231","0","0","0","0","0","0","0","0","0","0","0","0","0","0"
"1239","Pcod_bt_survey",5,2,1990,7,1.4,"0","0","0","0.5","0.5","0","0","0","0","0","0","0","0","0","0","0","0","0","0","0"
"1240","Pcod_bt_survey",5,2,1990,7,1.68,"0","0","0","0.75","0.166667","0.0833333","0","0","0","0","0","0","0","0","0","0","0","0","0","0"
"1241","Pcod_bt_survey",5,2,1990,7,1.4,"0","0","0","0.4","0.5","0.1","0","0","0","0","0","0","0","0","0","0","0","0","0","0"
"1242","Pcod_bt_survey",5,2,1990,7,1.68,"0","0","0","0.25","0.583333","0.166667","0","0","0","0","0","0","0","0","0","0","0","0","0","0"
"1243","Pcod_bt_survey",5,2,1990,7,1.26,"0","0","0","0.444444","0.444444","0.111111","0","0","0","0","0","0","0","0","0","0","0","0","0","0"
"1244","Pcod_bt_survey",5,2,1990,7,1.26,"0","0","0","0","0.555556","0.444444","0","0","0","0","0","0","0","0","0","0","0","0","0","0"
"1245","Pcod_bt_survey",5,2,1990,7,0.84,"0","0","0","0.166667","0.5","0.166667","0.166667","0","0","0","0","0","0","0","0","0","0","0","0","0"
"1246","Pcod_bt_survey",5,2,1990,7,0.98,"0","0","0","0","0.714286","0.285714","0","0","0","0","0","0","0","0","0","0","0","0","0","0"
"1247","Pcod_bt_survey",5,2,1990,7,1.12,"0","0","0","0.125","0.625","0.25","0","0","0","0","0","0","0","0","0","0","0","0","0","0"
"1248","Pcod_bt_survey",5,2,1990,7,0.56,"0","0","0","0","0.75","0.25","0","0","0","0","0","0","0","0","0","0","0","0","0","0"
"1249","Pcod_bt_survey",5,2,1990,7,0.98,"0","0","0","0.142857","0","0.428571","0.428571","0","0","0","0","0","0","0","0","0","0","0","0","0"
"1250","Pcod_bt_survey",5,2,1990,7,0.7,"0","0","0","0","0.6","0.2","0.2","0","0","0","0","0","0","0","0","0","0","0","0","0"
"1251","Pcod_bt_survey",5,2,1990,7,0.56,"0","0","0","0","0","1","0","0","0","0","0","0","0","0","0","0","0","0","0","0"
"1252","Pcod_bt_survey",5,2,1990,7,0.98,"0","0","0","0","0","1","0","0","0","0","0","0","0","0","0","0","0","0","0","0"
"1253","Pcod_bt_survey",5,2,1990,7,0.7,"0","0","0","0","0.2","0.6","0.2","0","0","0","0","0","0","0","0","0","0","0","0","0"
"1254","Pcod_bt_survey",5,2,1990,7,0.56,"0","0","0","0","0.25","0.25","0.5","0","0","0","0","0","0","0","0","0","0","0","0","0"
"1255","Pcod_bt_survey",5,2,1990,7,0.56,"0","0","0","0","0","0.25","0.5","0.25","0","0","0","0","0","0","0","0","0","0","0","0"
"1256","Pcod_bt_survey",5,2,1990,7,0.56,"0","0","0","0","0","1","0","0","0","0","0","0","0","0","0","0","0","0","0","0"
"1257","Pcod_bt_survey",5,2,1990,7,0.28,"0","0","0","0","0","0.5","0","0.5","0","0","0","0","0","0","0","0","0","0","0","0"
"1258","Pcod_bt_survey",5,2,1990,7,0.56,"0","0","0","0","0","0.5","0.5","0","0","0","0","0","0","0","0","0","0","0","0","0"
"1259","Pcod_bt_survey",5,2,1990,7,0.56,"0","0","0","0","0","0.5","0.5","0","0","0","0","0","0","0","0","0","0","0","0","0"
"1260","Pcod_bt_survey",5,2,1990,7,0.42,"0","0","0","0","0","0.333333","0.666667","0","0","0","0","0","0","0","0","0","0","0","0","0"
"1261","Pcod_bt_survey",5,2,1990,7,0.42,"0","0","0","0","0","0.333333","0.333333","0.333333","0","0","0","0","0","0","0","0","0","0","0","0"
"1262","Pcod_bt_survey",5,2,1990,7,0.56,"0","0","0","0","0","0.5","0.25","0.25","0","0","0","0","0","0","0","0","0","0","0","0"
"1263","Pcod_bt_survey",5,2,1990,7,0.28,"0","0","0","0","0","0","0.5","0.5","0","0","0","0","0","0","0","0","0","0","0","0"
"1264","Pcod_bt_survey",5,2,1990,7,0.42,"0","0","0","0","0","0.333333","0.333333","0","0.333333","0","0","0","0","0","0","0","0","0","0","0"
"1265","Pcod_bt_survey",5,2,1990,7,0.7,"0","0","0","0","0","0.4","0.6","0","0","0","0","0","0","0","0","0","0","0","0","0"
"1266","Pcod_bt_survey",5,2,1990,7,0.56,"0","0","0","0","0","0","1","0","0","0","0","0","0","0","0","0","0","0","0","0"
"1267","Pcod_bt_survey",5,2,1990,7,0.42,"0","0","0","0","0","0","0.333333","0.333333","0.333333","0","0","0","0","0","0","0","0","0","0","0"
"1268","Pcod_bt_survey",5,2,1990,7,0.28,"0","0","0","0","0","0","0","1","0","0","0","0","0","0","0","0","0","0","0","0"
"1269","Pcod_bt_survey",5,2,1990,7,0.28,"0","0","0","0","0","0","0.5","0.5","0","0","0","0","0","0","0","0","0","0","0","0"
"1270","Pcod_bt_survey",5,2,1990,7,0.14,"0","0","0","0","0","0","0","1","0","0","0","0","0","0","0","0","0","0","0","0"
"1271","Pcod_bt_survey",5,2,1990,7,0.28,"0","0","0","0","0","0","0","1","0","0","0","0","0","0","0","0","0","0","0","0"
"1272","Pcod_bt_survey",5,2,1990,7,0.28,"0","0","0","0","0","0","0","0.5","0.5","0","0","0","0","0","0","0","0","0","0","0"
"1273","Pcod_bt_survey",5,2,1990,7,0.28,"0","0","0","0","0","0","0.5","0","0.5","0","0","0","0","0","0","0","0","0","0","0"
"1274","Pcod_bt_survey",5,2,1990,7,0.28,"0","0","0","0","0","0","0","1","0","0","0","0","0","0","0","0","0","0","0","0"
"1275","Pcod_bt_survey",5,2,1990,7,0.14,"0","0","0","0","0","0","0","1","0","0","0","0","0","0","0","0","0","0","0","0"
"1276","Pcod_bt_survey",5,2,1993,7,0.28,"0","0","0","0","0","0","0.5","0","0.5","0","0","0","0","0","0","0","0","0","0","0"
"1277","Pcod_bt_survey",5,2,1993,7,0.42,"1","0","0","0","0","0","0","0","0","0","0","0","0","0","0","0","0","0","0","0"
"1278","Pcod_bt_survey",5,2,1993,7,0.56,"1","0","0","0","0","0","0","0","0","0","0","0","0","0","0","0","0","0","0","0"
"1279","Pcod_bt_survey",5,2,1993,7,0.56,"1","0","0","0","0","0","0","0","0","0","0","0","0","0","0","0","0","0","0","0"
"1280","Pcod_bt_survey",5,2,1993,7,1.12,"1","0","0","0","0","0","0","0","0","0","0","0","0","0","0","0","0","0","0","0"
"1281","Pcod_bt_survey",5,2,1993,7,1.26,"1","0","0","0","0","0","0","0","0","0","0","0","0","0","0","0","0","0","0","0"
"1282","Pcod_bt_survey",5,2,1993,7,1.82,"1","0","0","0","0","0","0","0","0","0","0","0","0","0","0","0","0","0","0","0"
"1283","Pcod_bt_survey",5,2,1993,7,1.12,"1","0","0","0","0","0","0","0","0","0","0","0","0","0","0","0","0","0","0","0"
"1284","Pcod_bt_survey",5,2,1993,7,1.54,"1","0","0","0","0","0","0","0","0","0","0","0","0","0","0","0","0","0","0","0"
"1285","Pcod_bt_survey",5,2,1993,7,1.4,"1","0","0","0","0","0","0","0","0","0","0","0","0","0","0","0","0","0","0","0"
"1286","Pcod_bt_survey",5,2,1993,7,1.4,"1","0","0","0","0","0","0","0","0","0","0","0","0","0","0","0","0","0","0","0"
"1287","Pcod_bt_survey",5,2,1993,7,0.84,"1","0","0","0","0","0","0","0","0","0","0","0","0","0","0","0","0","0","0","0"
"1288","Pcod_bt_survey",5,2,1993,7,0.98,"1","0","0","0","0","0","0","0","0","0","0","0","0","0","0","0","0","0","0","0"
"1289","Pcod_bt_survey",5,2,1993,7,1.26,"0.888889","0.111111","0","0","0","0","0","0","0","0","0","0","0","0","0","0","0","0","0","0"
"1290","Pcod_bt_survey",5,2,1993,7,0.7,"0.8","0.2","0","0","0","0","0","0","0","0","0","0","0","0","0","0","0","0","0","0"
"1291","Pcod_bt_survey",5,2,1993,7,1.12,"0.625","0.375","0","0","0","0","0","0","0","0","0","0","0","0","0","0","0","0","0","0"
"1292","Pcod_bt_survey",5,2,1993,7,1.12,"0.375","0.625","0","0","0","0","0","0","0","0","0","0","0","0","0","0","0","0","0","0"
"1293","Pcod_bt_survey",5,2,1993,7,0.98,"0.142857","0.857143","0","0","0","0","0","0","0","0","0","0","0","0","0","0","0","0","0","0"
"1294","Pcod_bt_survey",5,2,1993,7,0.98,"0","1","0","0","0","0","0","0","0","0","0","0","0","0","0","0","0","0","0","0"
"1295","Pcod_bt_survey",5,2,1993,7,1.26,"0","1","0","0","0","0","0","0","0","0","0","0","0","0","0","0","0","0","0","0"
"1296","Pcod_bt_survey",5,2,1993,7,0.98,"0","1","0","0","0","0","0","0","0","0","0","0","0","0","0","0","0","0","0","0"
"1297","Pcod_bt_survey",5,2,1993,7,0.84,"0","0.833333","0.166667","0","0","0","0","0","0","0","0","0","0","0","0","0","0","0","0","0"
"1298","Pcod_bt_survey",5,2,1993,7,1.12,"0","0.75","0.25","0","0","0","0","0","0","0","0","0","0","0","0","0","0","0","0","0"
"1299","Pcod_bt_survey",5,2,1993,7,1.12,"0","0.875","0.125","0","0","0","0","0","0","0","0","0","0","0","0","0","0","0","0","0"
"1300","Pcod_bt_survey",5,2,1993,7,1.12,"0","1","0","0","0","0","0","0","0","0","0","0","0","0","0","0","0","0","0","0"
"1301","Pcod_bt_survey",5,2,1993,7,1.4,"0","0.9","0.1","0","0","0","0","0","0","0","0","0","0","0","0","0","0","0","0","0"
"1302","Pcod_bt_survey",5,2,1993,7,1.26,"0","0.444444","0.555556","0","0","0","0","0","0","0","0","0","0","0","0","0","0","0","0","0"
"1303","Pcod_bt_survey",5,2,1993,7,1.82,"0","0.461538","0.538462","0","0","0","0","0","0","0","0","0","0","0","0","0","0","0","0","0"
"1304","Pcod_bt_survey",5,2,1993,7,1.82,"0","0","1","0","0","0","0","0","0","0","0","0","0","0","0","0","0","0","0","0"
"1305","Pcod_bt_survey",5,2,1993,7,1.54,"0","0","1","0","0","0","0","0","0","0","0","0","0","0","0","0","0","0","0","0"
"1306","Pcod_bt_survey",5,2,1993,7,1.26,"0","0","1","0","0","0","0","0","0","0","0","0","0","0","0","0","0","0","0","0"
"1307","Pcod_bt_survey",5,2,1993,7,1.82,"0","0","1","0","0","0","0","0","0","0","0","0","0","0","0","0","0","0","0","0"
"1308","Pcod_bt_survey",5,2,1993,7,1.54,"0","0","0.909091","0.0909091","0","0","0","0","0","0","0","0","0","0","0","0","0","0","0","0"
"1309","Pcod_bt_survey",5,2,1993,7,1.68,"0","0","1","0","0","0","0","0","0","0","0","0","0","0","0","0","0","0","0","0"
"1310","Pcod_bt_survey",5,2,1993,7,1.26,"0","0","1","0","0","0","0","0","0","0","0","0","0","0","0","0","0","0","0","0"
"1311","Pcod_bt_survey",5,2,1993,7,1.82,"0","0","1","0","0","0","0","0","0","0","0","0","0","0","0","0","0","0","0","0"
"1312","Pcod_bt_survey",5,2,1993,7,2.24,"0","0","1","0","0","0","0","0","0","0","0","0","0","0","0","0","0","0","0","0"
"1313","Pcod_bt_survey",5,2,1993,7,1.26,"0","0","1","0","0","0","0","0","0","0","0","0","0","0","0","0","0","0","0","0"
"1314","Pcod_bt_survey",5,2,1993,7,1.54,"0","0","0.818182","0.181818","0","0","0","0","0","0","0","0","0","0","0","0","0","0","0","0"
"1315","Pcod_bt_survey",5,2,1993,7,1.82,"0","0","0.923077","0.0769231","0","0","0","0","0","0","0","0","0","0","0","0","0","0","0","0"
"1316","Pcod_bt_survey",5,2,1993,7,1.82,"0","0","0.846154","0.153846","0","0","0","0","0","0","0","0","0","0","0","0","0","0","0","0"
"1317","Pcod_bt_survey",5,2,1993,7,1.96,"0","0","0.714286","0.285714","0","0","0","0","0","0","0","0","0","0","0","0","0","0","0","0"
"1318","Pcod_bt_survey",5,2,1993,7,2.24,"0","0","0.625","0.375","0","0","0","0","0","0","0","0","0","0","0","0","0","0","0","0"
"1319","Pcod_bt_survey",5,2,1993,7,2.1,"0","0","0.8","0.2","0","0","0","0","0","0","0","0","0","0","0","0","0","0","0","0"
"1320","Pcod_bt_survey",5,2,1993,7,1.96,"0","0","0.5","0.5","0","0","0","0","0","0","0","0","0","0","0","0","0","0","0","0"
"1321","Pcod_bt_survey",5,2,1993,7,2.38,"0","0","0.647059","0.352941","0","0","0","0","0","0","0","0","0","0","0","0","0","0","0","0"
"1322","Pcod_bt_survey",5,2,1993,7,2.1,"0","0","0.2","0.666667","0.133333","0","0","0","0","0","0","0","0","0","0","0","0","0","0","0"
"1323","Pcod_bt_survey",5,2,1993,7,2.1,"0","0","0.333333","0.6","0.0666667","0","0","0","0","0","0","0","0","0","0","0","0","0","0","0"
"1324","Pcod_bt_survey",5,2,1993,7,2.24,"0","0","0","0.6875","0.25","0.0625","0","0","0","0","0","0","0","0","0","0","0","0","0","0"
"1325","Pcod_bt_survey",5,2,1993,7,1.96,"0","0","0","0.571429","0.428571","0","0","0","0","0","0","0","0","0","0","0","0","0","0","0"
"1326","Pcod_bt_survey",5,2,1993,7,1.82,"0","0","0","0.538462","0.461538","0","0","0","0","0","0","0","0","0","0","0","0","0","0","0"
"1327","Pcod_bt_survey",5,2,1993,7,2.24,"0","0","0","0.625","0.1875","0.1875","0","0","0","0","0","0","0","0","0","0","0","0","0","0"
"1328","Pcod_bt_survey",5,2,1993,7,2.1,"0","0","0","0.4","0.6","0","0","0","0","0","0","0","0","0","0","0","0","0","0","0"
"1329","Pcod_bt_survey",5,2,1993,7,1.68,"0","0","0","0.166667","0.666667","0.166667","0","0","0","0","0","0","0","0","0","0","0","0","0","0"
"1330","Pcod_bt_survey",5,2,1993,7,1.96,"0","0","0","0.357143","0.5","0.142857","0","0","0","0","0","0","0","0","0","0","0","0","0","0"
"1331","Pcod_bt_survey",5,2,1993,7,2.1,"0","0","0","0.2","0.6","0.2","0","0","0","0","0","0","0","0","0","0","0","0","0","0"
"1332","Pcod_bt_survey",5,2,1993,7,1.82,"0","0","0","0.230769","0.692308","0.0769231","0","0","0","0","0","0","0","0","0","0","0","0","0","0"
"1333","Pcod_bt_survey",5,2,1993,7,2.1,"0","0","0","0.133333","0.533333","0.333333","0","0","0","0","0","0","0","0","0","0","0","0","0","0"
"1334","Pcod_bt_survey",5,2,1993,7,2.24,"0","0","0","0.125","0.5","0.3125","0.0625","0","0","0","0","0","0","0","0","0","0","0","0","0"
"1335","Pcod_bt_survey",5,2,1993,7,1.82,"0","0","0","0","0.846154","0.153846","0","0","0","0","0","0","0","0","0","0","0","0","0","0"
"1336","Pcod_bt_survey",5,2,1993,7,2.24,"0","0","0","0.0625","0.5","0.4375","0","0","0","0","0","0","0","0","0","0","0","0","0","0"
"1337","Pcod_bt_survey",5,2,1993,7,1.96,"0","0","0","0","0.428571","0.5","0.0714286","0","0","0","0","0","0","0","0","0","0","0","0","0"
"1338","Pcod_bt_survey",5,2,1993,7,1.26,"0","0","0","0","0.333333","0.666667","0","0","0","0","0","0","0","0","0","0","0","0","0","0"
"1339","Pcod_bt_survey",5,2,1993,7,1.54,"0","0","0","0.0909091","0.181818","0.545455","0.181818","0","0","0","0","0","0","0","0","0","0","0","0","0"
"1340","Pcod_bt_survey",5,2,1993,7,0.98,"0","0","0","0","0.428571","0.285714","0.142857","0.142857","0","0","0","0","0","0","0","0","0","0","0","0"
"1341","Pcod_bt_survey",5,2,1993,7,1.82,"0","0","0","0","0","0.769231","0.230769","0","0","0","0","0","0","0","0","0","0","0","0","0"
"1342","Pcod_bt_survey",5,2,1993,7,0.84,"0","0","0","0","0.333333","0","0.666667","0","0","0","0","0","0","0","0","0","0","0","0","0"
"1343","Pcod_bt_survey",5,2,1993,7,0.98,"0","0","0","0.142857","0.142857","0.571429","0","0.142857","0","0","0","0","0","0","0","0","0","0","0","0"
"1344","Pcod_bt_survey",5,2,1993,7,1.26,"0","0","0","0","0.111111","0.333333","0.444444","0.111111","0","0","0","0","0","0","0","0","0","0","0","0"
"1345","Pcod_bt_survey",5,2,1993,7,0.84,"0","0","0","0","0","0.166667","0.833333","0","0","0","0","0","0","0","0","0","0","0","0","0"
"1346","Pcod_bt_survey",5,2,1993,7,0.7,"0","0","0","0","0","0.8","0.2","0","0","0","0","0","0","0","0","0","0","0","0","0"
"1347","Pcod_bt_survey",5,2,1993,7,0.7,"0","0","0","0","0","0.4","0.4","0","0.2","0","0","0","0","0","0","0","0","0","0","0"
"1348","Pcod_bt_survey",5,2,1993,7,0.84,"0","0","0","0","0","0.166667","0.666667","0.166667","0","0","0","0","0","0","0","0","0","0","0","0"
"1349","Pcod_bt_survey",5,2,1993,7,0.42,"0","0","0","0","0","0.333333","0.333333","0.333333","0","0","0","0","0","0","0","0","0","0","0","0"
"1350","Pcod_bt_survey",5,2,1993,7,0.84,"0","0","0","0","0","0.166667","0.5","0.166667","0.166667","0","0","0","0","0","0","0","0","0","0","0"
"1351","Pcod_bt_survey",5,2,1993,7,0.56,"0","0","0","0","0","0","0.75","0.25","0","0","0","0","0","0","0","0","0","0","0","0"
"1352","Pcod_bt_survey",5,2,1993,7,0.56,"0","0","0","0","0","0.25","0.75","0","0","0","0","0","0","0","0","0","0","0","0","0"
"1353","Pcod_bt_survey",5,2,1993,7,0.42,"0","0","0","0","0","0.333333","0.333333","0.333333","0","0","0","0","0","0","0","0","0","0","0","0"
"1354","Pcod_bt_survey",5,2,1993,7,0.28,"0","0","0","0","0","0.5","0.5","0","0","0","0","0","0","0","0","0","0","0","0","0"
"1355","Pcod_bt_survey",5,2,1993,7,0.14,"0","0","0","0","0","0","1","0","0","0","0","0","0","0","0","0","0","0","0","0"
"1356","Pcod_bt_survey",5,2,1993,7,0.28,"0","0","0","0","0","0","0.5","0","0.5","0","0","0","0","0","0","0","0","0","0","0"
"1357","Pcod_bt_survey",5,2,1993,7,0.14,"0","0","0","0","0","0","1","0","0","0","0","0","0","0","0","0","0","0","0","0"
"1358","Pcod_bt_survey",5,2,1993,7,0.28,"0","0","0","0","0","0.5","0","0.5","0","0","0","0","0","0","0","0","0","0","0","0"
"1359","Pcod_bt_survey",5,2,1993,7,0.56,"0","0","0","0","0","0","0","0.5","0.5","0","0","0","0","0","0","0","0","0","0","0"
"1360","Pcod_bt_survey",5,2,1993,7,0.28,"0","0","0","0","0","0","0","0.5","0.5","0","0","0","0","0","0","0","0","0","0","0"
"1361","Pcod_bt_survey",5,2,1993,7,0.28,"0","0","0","0","0","0","0","0.5","0.5","0","0","0","0","0","0","0","0","0","0","0"
"1362","Pcod_bt_survey",5,2,1993,7,0.42,"0","0","0","0","0","0","0","1","0","0","0","0","0","0","0","0","0","0","0","0"
"1363","Pcod_bt_survey",5,2,1993,7,0.28,"0","0","0","0","0","0","0","0.5","0.5","0","0","0","0","0","0","0","0","0","0","0"
"1364","Pcod_bt_survey",5,2,1996,7,0.14,"0","0","0","0","0","0","0","0","1","0","0","0","0","0","0","0","0","0","0","0"
"1365","Pcod_bt_survey",5,2,1996,7,0.28,"0","0","0","0","0","0","0","1","0","0","0","0","0","0","0","0","0","0","0","0"
"1366","Pcod_bt_survey",5,2,1996,7,0.14,"0","0","0","0","0","0","0","1","0","0","0","0","0","0","0","0","0","0","0","0"
"1367","Pcod_bt_survey",5,2,1996,7,0.14,"0","0","0","0","0","0","0","1","0","0","0","0","0","0","0","0","0","0","0","0"
"1368","Pcod_bt_survey",5,2,1996,7,0.28,"1","0","0","0","0","0","0","0","0","0","0","0","0","0","0","0","0","0","0","0"
"1369","Pcod_bt_survey",5,2,1996,7,0.28,"1","0","0","0","0","0","0","0","0","0","0","0","0","0","0","0","0","0","0","0"
"1370","Pcod_bt_survey",5,2,1996,7,0.28,"1","0","0","0","0","0","0","0","0","0","0","0","0","0","0","0","0","0","0","0"
"1371","Pcod_bt_survey",5,2,1996,7,0.42,"1","0","0","0","0","0","0","0","0","0","0","0","0","0","0","0","0","0","0","0"
"1372","Pcod_bt_survey",5,2,1996,7,0.56,"1","0","0","0","0","0","0","0","0","0","0","0","0","0","0","0","0","0","0","0"
"1373","Pcod_bt_survey",5,2,1996,7,1.4,"1","0","0","0","0","0","0","0","0","0","0","0","0","0","0","0","0","0","0","0"
"1374","Pcod_bt_survey",5,2,1996,7,1.4,"1","0","0","0","0","0","0","0","0","0","0","0","0","0","0","0","0","0","0","0"
"1375","Pcod_bt_survey",5,2,1996,7,1.4,"1","0","0","0","0","0","0","0","0","0","0","0","0","0","0","0","0","0","0","0"
"1376","Pcod_bt_survey",5,2,1996,7,1.54,"1","0","0","0","0","0","0","0","0","0","0","0","0","0","0","0","0","0","0","0"
"1377","Pcod_bt_survey",5,2,1996,7,1.68,"1","0","0","0","0","0","0","0","0","0","0","0","0","0","0","0","0","0","0","0"
"1378","Pcod_bt_survey",5,2,1996,7,1.4,"1","0","0","0","0","0","0","0","0","0","0","0","0","0","0","0","0","0","0","0"
"1379","Pcod_bt_survey",5,2,1996,7,0.98,"1","0","0","0","0","0","0","0","0","0","0","0","0","0","0","0","0","0","0","0"
"1380","Pcod_bt_survey",5,2,1996,7,1.12,"0.875","0.125","0","0","0","0","0","0","0","0","0","0","0","0","0","0","0","0","0","0"
"1381","Pcod_bt_survey",5,2,1996,7,0.56,"0.5","0.5","0","0","0","0","0","0","0","0","0","0","0","0","0","0","0","0","0","0"
"1382","Pcod_bt_survey",5,2,1996,7,0.7,"0","1","0","0","0","0","0","0","0","0","0","0","0","0","0","0","0","0","0","0"
"1383","Pcod_bt_survey",5,2,1996,7,0.84,"0.333333","0.666667","0","0","0","0","0","0","0","0","0","0","0","0","0","0","0","0","0","0"
"1384","Pcod_bt_survey",5,2,1996,7,0.14,"0","1","0","0","0","0","0","0","0","0","0","0","0","0","0","0","0","0","0","0"
"1385","Pcod_bt_survey",5,2,1996,7,0.56,"0","1","0","0","0","0","0","0","0","0","0","0","0","0","0","0","0","0","0","0"
"1386","Pcod_bt_survey",5,2,1996,7,0.28,"0","1","0","0","0","0","0","0","0","0","0","0","0","0","0","0","0","0","0","0"
"1387","Pcod_bt_survey",5,2,1996,7,0.28,"0","1","0","0","0","0","0","0","0","0","0","0","0","0","0","0","0","0","0","0"
"1388","Pcod_bt_survey",5,2,1996,7,1.12,"0","1","0","0","0","0","0","0","0","0","0","0","0","0","0","0","0","0","0","0"
"1389","Pcod_bt_survey",5,2,1996,7,0.42,"0","1","0","0","0","0","0","0","0","0","0","0","0","0","0","0","0","0","0","0"
"1390","Pcod_bt_survey",5,2,1996,7,0.98,"0","1","0","0","0","0","0","0","0","0","0","0","0","0","0","0","0","0","0","0"
"1391","Pcod_bt_survey",5,2,1996,7,1.26,"0","0.555556","0.444444","0","0","0","0","0","0","0","0","0","0","0","0","0","0","0","0","0"
"1392","Pcod_bt_survey",5,2,1996,7,1.54,"0","0.363636","0.636364","0","0","0","0","0","0","0","0","0","0","0","0","0","0","0","0","0"
"1393","Pcod_bt_survey",5,2,1996,7,1.54,"0","0.181818","0.818182","0","0","0","0","0","0","0","0","0","0","0","0","0","0","0","0","0"
"1394","Pcod_bt_survey",5,2,1996,7,2.24,"0","0.125","0.875","0","0","0","0","0","0","0","0","0","0","0","0","0","0","0","0","0"
"1395","Pcod_bt_survey",5,2,1996,7,2.1,"0","0","1","0","0","0","0","0","0","0","0","0","0","0","0","0","0","0","0","0"
"1396","Pcod_bt_survey",5,2,1996,7,1.68,"0","0.0833333","0.916667","0","0","0","0","0","0","0","0","0","0","0","0","0","0","0","0","0"
"1397","Pcod_bt_survey",5,2,1996,7,2.24,"0","0","1","0","0","0","0","0","0","0","0","0","0","0","0","0","0","0","0","0"
"1398","Pcod_bt_survey",5,2,1996,7,1.96,"0","0","1","0","0","0","0","0","0","0","0","0","0","0","0","0","0","0","0","0"
"1399","Pcod_bt_survey",5,2,1996,7,1.68,"0","0","1","0","0","0","0","0","0","0","0","0","0","0","0","0","0","0","0","0"
"1400","Pcod_bt_survey",5,2,1996,7,1.96,"0","0","1","0","0","0","0","0","0","0","0","0","0","0","0","0","0","0","0","0"
"1401","Pcod_bt_survey",5,2,1996,7,2.1,"0","0","1","0","0","0","0","0","0","0","0","0","0","0","0","0","0","0","0","0"
"1402","Pcod_bt_survey",5,2,1996,7,1.96,"0","0","0.857143","0.142857","0","0","0","0","0","0","0","0","0","0","0","0","0","0","0","0"
"1403","Pcod_bt_survey",5,2,1996,7,2.66,"0","0","0.947368","0.0526316","0","0","0","0","0","0","0","0","0","0","0","0","0","0","0","0"
"1404","Pcod_bt_survey",5,2,1996,7,1.82,"0","0","0.923077","0.0769231","0","0","0","0","0","0","0","0","0","0","0","0","0","0","0","0"
"1405","Pcod_bt_survey",5,2,1996,7,2.38,"0","0","0.882353","0.117647","0","0","0","0","0","0","0","0","0","0","0","0","0","0","0","0"
"1406","Pcod_bt_survey",5,2,1996,7,2.66,"0","0","0.789474","0.210526","0","0","0","0","0","0","0","0","0","0","0","0","0","0","0","0"
"1407","Pcod_bt_survey",5,2,1996,7,2.1,"0","0","0.8","0.133333","0.0666667","0","0","0","0","0","0","0","0","0","0","0","0","0","0","0"
"1408","Pcod_bt_survey",5,2,1996,7,1.68,"0","0","0.833333","0.166667","0","0","0","0","0","0","0","0","0","0","0","0","0","0","0","0"
"1409","Pcod_bt_survey",5,2,1996,7,2.38,"0","0","0.705882","0.235294","0.0588235","0","0","0","0","0","0","0","0","0","0","0","0","0","0","0"
"1410","Pcod_bt_survey",5,2,1996,7,1.4,"0","0","0.5","0.5","0","0","0","0","0","0","0","0","0","0","0","0","0","0","0","0"
"1411","Pcod_bt_survey",5,2,1996,7,1.82,"0","0","0.615385","0.307692","0.0769231","0","0","0","0","0","0","0","0","0","0","0","0","0","0","0"
"1412","Pcod_bt_survey",5,2,1996,7,1.82,"0","0","0.615385","0.230769","0.153846","0","0","0","0","0","0","0","0","0","0","0","0","0","0","0"
"1413","Pcod_bt_survey",5,2,1996,7,1.96,"0","0","0.142857","0.5","0.285714","0.0714286","0","0","0","0","0","0","0","0","0","0","0","0","0","0"
"1414","Pcod_bt_survey",5,2,1996,7,2.1,"0","0","0.133333","0.666667","0.133333","0.0666667","0","0","0","0","0","0","0","0","0","0","0","0","0","0"
"1415","Pcod_bt_survey",5,2,1996,7,1.96,"0","0","0.285714","0.428571","0.285714","0","0","0","0","0","0","0","0","0","0","0","0","0","0","0"
"1416","Pcod_bt_survey",5,2,1996,7,1.96,"0","0","0","0.571429","0.214286","0.214286","0","0","0","0","0","0","0","0","0","0","0","0","0","0"
"1417","Pcod_bt_survey",5,2,1996,7,2.1,"0","0","0","0.533333","0.333333","0.133333","0","0","0","0","0","0","0","0","0","0","0","0","0","0"
"1418","Pcod_bt_survey",5,2,1996,7,2.52,"0","0","0.111111","0.388889","0.444444","0.0555556","0","0","0","0","0","0","0","0","0","0","0","0","0","0"
"1419","Pcod_bt_survey",5,2,1996,7,2.1,"0","0","0","0.4","0.533333","0.0666667","0","0","0","0","0","0","0","0","0","0","0","0","0","0"
"1420","Pcod_bt_survey",5,2,1996,7,2.24,"0","0","0","0.1875","0.625","0.1875","0","0","0","0","0","0","0","0","0","0","0","0","0","0"
"1421","Pcod_bt_survey",5,2,1996,7,1.96,"0","0","0","0.357143","0.357143","0.285714","0","0","0","0","0","0","0","0","0","0","0","0","0","0"
"1422","Pcod_bt_survey",5,2,1996,7,2.24,"0","0","0.0625","0.25","0.4375","0.25","0","0","0","0","0","0","0","0","0","0","0","0","0","0"
"1423","Pcod_bt_survey",5,2,1996,7,1.68,"0","0","0","0.166667","0.666667","0.166667","0","0","0","0","0","0","0","0","0","0","0","0","0","0"
"1424","Pcod_bt_survey",5,2,1996,7,1.54,"0","0","0","0","0.909091","0.0909091","0","0","0","0","0","0","0","0","0","0","0","0","0","0"
"1425","Pcod_bt_survey",5,2,1996,7,1.82,"0","0","0","0.230769","0.384615","0.384615","0","0","0","0","0","0","0","0","0","0","0","0","0","0"
"1426","Pcod_bt_survey",5,2,1996,7,1.82,"0","0","0","0.0769231","0.153846","0.615385","0.153846","0","0","0","0","0","0","0","0","0","0","0","0","0"
"1427","Pcod_bt_survey",5,2,1996,7,1.26,"0","0","0","0","0.222222","0.666667","0.111111","0","0","0","0","0","0","0","0","0","0","0","0","0"
"1428","Pcod_bt_survey",5,2,1996,7,1.26,"0","0","0","0","0.666667","0.333333","0","0","0","0","0","0","0","0","0","0","0","0","0","0"
"1429","Pcod_bt_survey",5,2,1996,7,1.12,"0","0","0","0","0.125","0.625","0.25","0","0","0","0","0","0","0","0","0","0","0","0","0"
"1430","Pcod_bt_survey",5,2,1996,7,1.26,"0","0","0","0","0.333333","0.555556","0","0.111111","0","0","0","0","0","0","0","0","0","0","0","0"
"1431","Pcod_bt_survey",5,2,1996,7,1.12,"0","0","0","0","0.375","0.375","0.25","0","0","0","0","0","0","0","0","0","0","0","0","0"
"1432","Pcod_bt_survey",5,2,1996,7,0.84,"0","0","0","0","0.333333","0.666667","0","0","0","0","0","0","0","0","0","0","0","0","0","0"
"1433","Pcod_bt_survey",5,2,1996,7,1.26,"0","0","0","0","0.111111","0.777778","0.111111","0","0","0","0","0","0","0","0","0","0","0","0","0"
"1434","Pcod_bt_survey",5,2,1996,7,0.84,"0","0","0","0","0","0.833333","0.166667","0","0","0","0","0","0","0","0","0","0","0","0","0"
"1435","Pcod_bt_survey",5,2,1996,7,1.12,"0","0","0","0","0.125","0.625","0.25","0","0","0","0","0","0","0","0","0","0","0","0","0"
"1436","Pcod_bt_survey",5,2,1996,7,0.98,"0","0","0","0","0","0.714286","0.142857","0.142857","0","0","0","0","0","0","0","0","0","0","0","0"
"1437","Pcod_bt_survey",5,2,1996,7,1.12,"0","0","0","0","0.125","0.625","0.125","0","0.125","0","0","0","0","0","0","0","0","0","0","0"
"1438","Pcod_bt_survey",5,2,1996,7,0.56,"0","0","0","0","0","0.5","0.5","0","0","0","0","0","0","0","0","0","0","0","0","0"
"1439","Pcod_bt_survey",5,2,1996,7,0.28,"0","0","0","0","0","0.5","0.5","0","0","0","0","0","0","0","0","0","0","0","0","0"
"1440","Pcod_bt_survey",5,2,1996,7,0.7,"0","0","0","0","0","0.4","0.2","0.4","0","0","0","0","0","0","0","0","0","0","0","0"
"1441","Pcod_bt_survey",5,2,1996,7,0.98,"0","0","0","0","0.142857","0.428571","0.428571","0","0","0","0","0","0","0","0","0","0","0","0","0"
"1442","Pcod_bt_survey",5,2,1996,7,0.14,"0","0","0","0","0","0","1","0","0","0","0","0","0","0","0","0","0","0","0","0"
"1443","Pcod_bt_survey",5,2,1996,7,0.28,"0","0","0","0","0","0.5","0.5","0","0","0","0","0","0","0","0","0","0","0","0","0"
"1444","Pcod_bt_survey",5,2,1996,7,0.28,"0","0","0","0","0","0.5","0.5","0","0","0","0","0","0","0","0","0","0","0","0","0"
"1445","Pcod_bt_survey",5,2,1996,7,0.14,"0","0","0","0","0","1","0","0","0","0","0","0","0","0","0","0","0","0","0","0"
"1446","Pcod_bt_survey",5,2,1996,7,0.42,"0","0","0","0","0","0","0.666667","0","0.333333","0","0","0","0","0","0","0","0","0","0","0"
"1447","Pcod_bt_survey",5,2,1996,7,0.42,"0","0","0","0","0","0.333333","0.666667","0","0","0","0","0","0","0","0","0","0","0","0","0"
"1448","Pcod_bt_survey",5,2,1996,7,0.14,"0","0","0","0","0","0","1","0","0","0","0","0","0","0","0","0","0","0","0","0"
"1449","Pcod_bt_survey",5,2,1996,7,0.42,"0","0","0","0","0","0","0.666667","0.333333","0","0","0","0","0","0","0","0","0","0","0","0"
"1450","Pcod_bt_survey",5,2,1996,7,0.28,"0","0","0","0","0","0","0.5","0.5","0","0","0","0","0","0","0","0","0","0","0","0"
"1451","Pcod_bt_survey",5,2,1996,7,0.14,"0","0","0","0","0","0","1","0","0","0","0","0","0","0","0","0","0","0","0","0"
"1452","Pcod_bt_survey",5,2,1996,7,0.28,"0","0","0","0","0","0","0","1","0","0","0","0","0","0","0","0","0","0","0","0"
"1453","Pcod_bt_survey",5,2,1999,7,0.14,"0","0","0","0","0","0","1","0","0","0","0","0","0","0","0","0","0","0","0","0"
"1454","Pcod_bt_survey",5,2,1999,7,0.28,"1","0","0","0","0","0","0","0","0","0","0","0","0","0","0","0","0","0","0","0"
"1455","Pcod_bt_survey",5,2,1999,7,0.14,"1","0","0","0","0","0","0","0","0","0","0","0","0","0","0","0","0","0","0","0"
"1456","Pcod_bt_survey",5,2,1999,7,0.84,"1","0","0","0","0","0","0","0","0","0","0","0","0","0","0","0","0","0","0","0"
"1457","Pcod_bt_survey",5,2,1999,7,0.42,"1","0","0","0","0","0","0","0","0","0","0","0","0","0","0","0","0","0","0","0"
"1458","Pcod_bt_survey",5,2,1999,7,0.84,"1","0","0","0","0","0","0","0","0","0","0","0","0","0","0","0","0","0","0","0"
"1459","Pcod_bt_survey",5,2,1999,7,0.98,"1","0","0","0","0","0","0","0","0","0","0","0","0","0","0","0","0","0","0","0"
"1460","Pcod_bt_survey",5,2,1999,7,1.26,"1","0","0","0","0","0","0","0","0","0","0","0","0","0","0","0","0","0","0","0"
"1461","Pcod_bt_survey",5,2,1999,7,0.84,"1","0","0","0","0","0","0","0","0","0","0","0","0","0","0","0","0","0","0","0"
"1462","Pcod_bt_survey",5,2,1999,7,1.68,"1","0","0","0","0","0","0","0","0","0","0","0","0","0","0","0","0","0","0","0"
"1463","Pcod_bt_survey",5,2,1999,7,1.26,"1","0","0","0","0","0","0","0","0","0","0","0","0","0","0","0","0","0","0","0"
"1464","Pcod_bt_survey",5,2,1999,7,1.54,"1","0","0","0","0","0","0","0","0","0","0","0","0","0","0","0","0","0","0","0"
"1465","Pcod_bt_survey",5,2,1999,7,0.98,"1","0","0","0","0","0","0","0","0","0","0","0","0","0","0","0","0","0","0","0"
"1466","Pcod_bt_survey",5,2,1999,7,1.12,"1","0","0","0","0","0","0","0","0","0","0","0","0","0","0","0","0","0","0","0"
"1467","Pcod_bt_survey",5,2,1999,7,0.56,"1","0","0","0","0","0","0","0","0","0","0","0","0","0","0","0","0","0","0","0"
"1468","Pcod_bt_survey",5,2,1999,7,0.98,"0.571429","0.428571","0","0","0","0","0","0","0","0","0","0","0","0","0","0","0","0","0","0"
"1469","Pcod_bt_survey",5,2,1999,7,0.56,"0.25","0.75","0","0","0","0","0","0","0","0","0","0","0","0","0","0","0","0","0","0"
"1470","Pcod_bt_survey",5,2,1999,7,0.28,"0","1","0","0","0","0","0","0","0","0","0","0","0","0","0","0","0","0","0","0"
"1471","Pcod_bt_survey",5,2,1999,7,0.28,"0","1","0","0","0","0","0","0","0","0","0","0","0","0","0","0","0","0","0","0"
"1472","Pcod_bt_survey",5,2,1999,7,0.42,"0","1","0","0","0","0","0","0","0","0","0","0","0","0","0","0","0","0","0","0"
"1473","Pcod_bt_survey",5,2,1999,7,0.28,"0","1","0","0","0","0","0","0","0","0","0","0","0","0","0","0","0","0","0","0"
"1474","Pcod_bt_survey",5,2,1999,7,0.28,"0","1","0","0","0","0","0","0","0","0","0","0","0","0","0","0","0","0","0","0"
"1475","Pcod_bt_survey",5,2,1999,7,0.7,"0","0.6","0.4","0","0","0","0","0","0","0","0","0","0","0","0","0","0","0","0","0"
"1476","Pcod_bt_survey",5,2,1999,7,0.28,"0","0.5","0.5","0","0","0","0","0","0","0","0","0","0","0","0","0","0","0","0","0"
"1477","Pcod_bt_survey",5,2,1999,7,0.56,"0","0.25","0.75","0","0","0","0","0","0","0","0","0","0","0","0","0","0","0","0","0"
"1478","Pcod_bt_survey",5,2,1999,7,1.26,"0","0.222222","0.777778","0","0","0","0","0","0","0","0","0","0","0","0","0","0","0","0","0"
"1479","Pcod_bt_survey",5,2,1999,7,1.54,"0","0.454545","0.545455","0","0","0","0","0","0","0","0","0","0","0","0","0","0","0","0","0"
"1480","Pcod_bt_survey",5,2,1999,7,1.4,"0","0","1","0","0","0","0","0","0","0","0","0","0","0","0","0","0","0","0","0"
"1481","Pcod_bt_survey",5,2,1999,7,0.7,"0","0","1","0","0","0","0","0","0","0","0","0","0","0","0","0","0","0","0","0"
"1482","Pcod_bt_survey",5,2,1999,7,1.12,"0","0","1","0","0","0","0","0","0","0","0","0","0","0","0","0","0","0","0","0"
"1483","Pcod_bt_survey",5,2,1999,7,1.12,"0","0","1","0","0","0","0","0","0","0","0","0","0","0","0","0","0","0","0","0"
"1484","Pcod_bt_survey",5,2,1999,7,0.98,"0","0","1","0","0","0","0","0","0","0","0","0","0","0","0","0","0","0","0","0"
"1485","Pcod_bt_survey",5,2,1999,7,1.54,"0","0","1","0","0","0","0","0","0","0","0","0","0","0","0","0","0","0","0","0"
"1486","Pcod_bt_survey",5,2,1999,7,1.26,"0","0","1","0","0","0","0","0","0","0","0","0","0","0","0","0","0","0","0","0"
"1487","Pcod_bt_survey",5,2,1999,7,1.12,"0","0","1","0","0","0","0","0","0","0","0","0","0","0","0","0","0","0","0","0"
"1488","Pcod_bt_survey",5,2,1999,7,1.68,"0","0","1","0","0","0","0","0","0","0","0","0","0","0","0","0","0","0","0","0"
"1489","Pcod_bt_survey",5,2,1999,7,1.96,"0","0","1","0","0","0","0","0","0","0","0","0","0","0","0","0","0","0","0","0"
"1490","Pcod_bt_survey",5,2,1999,7,1.82,"0","0","1","0","0","0","0","0","0","0","0","0","0","0","0","0","0","0","0","0"
"1491","Pcod_bt_survey",5,2,1999,7,1.82,"0","0","1","0","0","0","0","0","0","0","0","0","0","0","0","0","0","0","0","0"
"1492","Pcod_bt_survey",5,2,1999,7,2.1,"0","0","0.8","0.2","0","0","0","0","0","0","0","0","0","0","0","0","0","0","0","0"
"1493","Pcod_bt_survey",5,2,1999,7,2.38,"0","0","0.823529","0.176471","0","0","0","0","0","0","0","0","0","0","0","0","0","0","0","0"
"1494","Pcod_bt_survey",5,2,1999,7,2.1,"0","0","0.733333","0.266667","0","0","0","0","0","0","0","0","0","0","0","0","0","0","0","0"
"1495","Pcod_bt_survey",5,2,1999,7,2.24,"0","0","0.5","0.5","0","0","0","0","0","0","0","0","0","0","0","0","0","0","0","0"
"1496","Pcod_bt_survey",5,2,1999,7,2.24,"0","0","0.25","0.75","0","0","0","0","0","0","0","0","0","0","0","0","0","0","0","0"
"1497","Pcod_bt_survey",5,2,1999,7,2.1,"0","0","0.266667","0.666667","0.0666667","0","0","0","0","0","0","0","0","0","0","0","0","0","0","0"
"1498","Pcod_bt_survey",5,2,1999,7,1.96,"0","0","0.214286","0.642857","0.142857","0","0","0","0","0","0","0","0","0","0","0","0","0","0","0"
"1499","Pcod_bt_survey",5,2,1999,7,2.1,"0","0","0.0666667","0.733333","0.2","0","0","0","0","0","0","0","0","0","0","0","0","0","0","0"
"1500","Pcod_bt_survey",5,2,1999,7,2.24,"0","0","0","0.9375","0","0.0625","0","0","0","0","0","0","0","0","0","0","0","0","0","0"
"1501","Pcod_bt_survey",5,2,1999,7,2.1,"0","0","0","1","0","0","0","0","0","0","0","0","0","0","0","0","0","0","0","0"
"1502","Pcod_bt_survey",5,2,1999,7,2.24,"0","0","0.0625","0.5625","0.375","0","0","0","0","0","0","0","0","0","0","0","0","0","0","0"
"1503","Pcod_bt_survey",5,2,1999,7,2.1,"0","0","0","0.6","0.4","0","0","0","0","0","0","0","0","0","0","0","0","0","0","0"
"1504","Pcod_bt_survey",5,2,1999,7,2.38,"0","0","0","0.176471","0.705882","0.117647","0","0","0","0","0","0","0","0","0","0","0","0","0","0"
"1505","Pcod_bt_survey",5,2,1999,7,2.1,"0","0","0","0.666667","0.333333","0","0","0","0","0","0","0","0","0","0","0","0","0","0","0"
"1506","Pcod_bt_survey",5,2,1999,7,1.96,"0","0","0","0","0.785714","0.214286","0","0","0","0","0","0","0","0","0","0","0","0","0","0"
"1507","Pcod_bt_survey",5,2,1999,7,1.68,"0","0","0","0.166667","0.666667","0.166667","0","0","0","0","0","0","0","0","0","0","0","0","0","0"
"1508","Pcod_bt_survey",5,2,1999,7,2.1,"0","0","0","0.133333","0.666667","0.133333","0.0666667","0","0","0","0","0","0","0","0","0","0","0","0","0"
"1509","Pcod_bt_survey",5,2,1999,7,1.68,"0","0","0","0.25","0.666667","0.0833333","0","0","0","0","0","0","0","0","0","0","0","0","0","0"
"1510","Pcod_bt_survey",5,2,1999,7,1.54,"0","0","0","0.0909091","0.363636","0.454545","0.0909091","0","0","0","0","0","0","0","0","0","0","0","0","0"
"1511","Pcod_bt_survey",5,2,1999,7,2.1,"0","0","0","0.0666667","0.666667","0.2","0.0666667","0","0","0","0","0","0","0","0","0","0","0","0","0"
"1512","Pcod_bt_survey",5,2,1999,7,2.24,"0","0","0","0.125","0.4375","0.3125","0.125","0","0","0","0","0","0","0","0","0","0","0","0","0"
"1513","Pcod_bt_survey",5,2,1999,7,1.68,"0","0","0","0.0833333","0.166667","0.75","0","0","0","0","0","0","0","0","0","0","0","0","0","0"
"1514","Pcod_bt_survey",5,2,1999,7,0.7,"0","0","0","0","0.4","0.6","0","0","0","0","0","0","0","0","0","0","0","0","0","0"
"1515","Pcod_bt_survey",5,2,1999,7,1.26,"0","0","0","0","0.222222","0.333333","0.222222","0.222222","0","0","0","0","0","0","0","0","0","0","0","0"
"1516","Pcod_bt_survey",5,2,1999,7,1.4,"0","0","0","0","0.2","0.8","0","0","0","0","0","0","0","0","0","0","0","0","0","0"
"1517","Pcod_bt_survey",5,2,1999,7,0.56,"0","0","0","0.25","0","0.5","0.25","0","0","0","0","0","0","0","0","0","0","0","0","0"
"1518","Pcod_bt_survey",5,2,1999,7,1.54,"0","0","0","0.0909091","0","0.636364","0.181818","0.0909091","0","0","0","0","0","0","0","0","0","0","0","0"
"1519","Pcod_bt_survey",5,2,1999,7,0.84,"0","0","0","0.166667","0.166667","0.5","0","0.166667","0","0","0","0","0","0","0","0","0","0","0","0"
"1520","Pcod_bt_survey",5,2,1999,7,0.28,"0","0","0","0","0","1","0","0","0","0","0","0","0","0","0","0","0","0","0","0"
"1521","Pcod_bt_survey",5,2,1999,7,0.98,"0","0","0","0","0.142857","0.571429","0.285714","0","0","0","0","0","0","0","0","0","0","0","0","0"
"1522","Pcod_bt_survey",5,2,1999,7,0.28,"0","0","0","0","0","1","0","0","0","0","0","0","0","0","0","0","0","0","0","0"
"1523","Pcod_bt_survey",5,2,1999,7,0.14,"0","0","0","0","0","0","1","0","0","0","0","0","0","0","0","0","0","0","0","0"
"1524","Pcod_bt_survey",5,2,1999,7,0.42,"0","0","0","0","0","0","1","0","0","0","0","0","0","0","0","0","0","0","0","0"
"1525","Pcod_bt_survey",5,2,1999,7,0.14,"0","0","0","0","0","0","0","1","0","0","0","0","0","0","0","0","0","0","0","0"
"1526","Pcod_bt_survey",5,2,1999,7,0.28,"0","0","0","0","0","0.5","0","0.5","0","0","0","0","0","0","0","0","0","0","0","0"
"1527","Pcod_bt_survey",5,2,1999,7,0.56,"0","0","0","0","0","0.25","0.75","0","0","0","0","0","0","0","0","0","0","0","0","0"
"1528","Pcod_bt_survey",5,2,1999,7,0.28,"0","0","0","0","0","0","1","0","0","0","0","0","0","0","0","0","0","0","0","0"
"1529","Pcod_bt_survey",5,2,1999,7,0.28,"0","0","0","0","0","0","0.5","0","0.5","0","0","0","0","0","0","0","0","0","0","0"
"1530","Pcod_bt_survey",5,2,1999,7,0.14,"0","0","0","0","0","0","0","1","0","0","0","0","0","0","0","0","0","0","0","0"
"1531","Pcod_bt_survey",5,2,1999,7,0.14,"0","0","0","0","0","0","0","0","1","0","0","0","0","0","0","0","0","0","0","0"
"1532","Pcod_bt_survey",5,2,1999,7,0.14,"0","0","0","0","0","0","0","1","0","0","0","0","0","0","0","0","0","0","0","0"
"1533","Pcod_bt_survey",5,2,1999,7,0.42,"0","0","0","0","0","0","0","0.666667","0.333333","0","0","0","0","0","0","0","0","0","0","0"
"1534","Pcod_bt_survey",5,2,2001,7,0.14,"1","0","0","0","0","0","0","0","0","0","0","0","0","0","0","0","0","0","0","0"
"1535","Pcod_bt_survey",5,2,2001,7,0.14,"0","0","0","0","0","0","0","1","0","0","0","0","0","0","0","0","0","0","0","0"
"1536","Pcod_bt_survey",5,2,2001,7,0.28,"1","0","0","0","0","0","0","0","0","0","0","0","0","0","0","0","0","0","0","0"
"1537","Pcod_bt_survey",5,2,2001,7,0.42,"1","0","0","0","0","0","0","0","0","0","0","0","0","0","0","0","0","0","0","0"
"1538","Pcod_bt_survey",5,2,2001,7,0.56,"1","0","0","0","0","0","0","0","0","0","0","0","0","0","0","0","0","0","0","0"
"1539","Pcod_bt_survey",5,2,2001,7,0.98,"1","0","0","0","0","0","0","0","0","0","0","0","0","0","0","0","0","0","0","0"
"1540","Pcod_bt_survey",5,2,2001,7,0.84,"1","0","0","0","0","0","0","0","0","0","0","0","0","0","0","0","0","0","0","0"
"1541","Pcod_bt_survey",5,2,2001,7,0.7,"1","0","0","0","0","0","0","0","0","0","0","0","0","0","0","0","0","0","0","0"
"1542","Pcod_bt_survey",5,2,2001,7,0.84,"1","0","0","0","0","0","0","0","0","0","0","0","0","0","0","0","0","0","0","0"
"1543","Pcod_bt_survey",5,2,2001,7,1.12,"1","0","0","0","0","0","0","0","0","0","0","0","0","0","0","0","0","0","0","0"
"1544","Pcod_bt_survey",5,2,2001,7,1.26,"1","0","0","0","0","0","0","0","0","0","0","0","0","0","0","0","0","0","0","0"
"1545","Pcod_bt_survey",5,2,2001,7,1.4,"1","0","0","0","0","0","0","0","0","0","0","0","0","0","0","0","0","0","0","0"
"1546","Pcod_bt_survey",5,2,2001,7,1.82,"0.923077","0.0769231","0","0","0","0","0","0","0","0","0","0","0","0","0","0","0","0","0","0"
"1547","Pcod_bt_survey",5,2,2001,7,1.68,"1","0","0","0","0","0","0","0","0","0","0","0","0","0","0","0","0","0","0","0"
"1548","Pcod_bt_survey",5,2,2001,7,1.68,"0.916667","0.0833333","0","0","0","0","0","0","0","0","0","0","0","0","0","0","0","0","0","0"
"1549","Pcod_bt_survey",5,2,2001,7,1.4,"0.6","0.4","0","0","0","0","0","0","0","0","0","0","0","0","0","0","0","0","0","0"
"1550","Pcod_bt_survey",5,2,2001,7,1.82,"0.846154","0.153846","0","0","0","0","0","0","0","0","0","0","0","0","0","0","0","0","0","0"
"1551","Pcod_bt_survey",5,2,2001,7,1.26,"0.555556","0.444444","0","0","0","0","0","0","0","0","0","0","0","0","0","0","0","0","0","0"
"1552","Pcod_bt_survey",5,2,2001,7,1.4,"0.4","0.6","0","0","0","0","0","0","0","0","0","0","0","0","0","0","0","0","0","0"
"1553","Pcod_bt_survey",5,2,2001,7,1.82,"0","1","0","0","0","0","0","0","0","0","0","0","0","0","0","0","0","0","0","0"
"1554","Pcod_bt_survey",5,2,2001,7,1.4,"0","0.9","0.1","0","0","0","0","0","0","0","0","0","0","0","0","0","0","0","0","0"
"1555","Pcod_bt_survey",5,2,2001,7,1.4,"0","0.9","0.1","0","0","0","0","0","0","0","0","0","0","0","0","0","0","0","0","0"
"1556","Pcod_bt_survey",5,2,2001,7,1.4,"0","1","0","0","0","0","0","0","0","0","0","0","0","0","0","0","0","0","0","0"
"1557","Pcod_bt_survey",5,2,2001,7,1.12,"0","0.75","0.25","0","0","0","0","0","0","0","0","0","0","0","0","0","0","0","0","0"
"1558","Pcod_bt_survey",5,2,2001,7,0.84,"0","1","0","0","0","0","0","0","0","0","0","0","0","0","0","0","0","0","0","0"
"1559","Pcod_bt_survey",5,2,2001,7,1.26,"0","0.666667","0.333333","0","0","0","0","0","0","0","0","0","0","0","0","0","0","0","0","0"
"1560","Pcod_bt_survey",5,2,2001,7,1.26,"0","0.888889","0.111111","0","0","0","0","0","0","0","0","0","0","0","0","0","0","0","0","0"
"1561","Pcod_bt_survey",5,2,2001,7,1.4,"0","0.5","0.5","0","0","0","0","0","0","0","0","0","0","0","0","0","0","0","0","0"
"1562","Pcod_bt_survey",5,2,2001,7,1.12,"0","0.125","0.875","0","0","0","0","0","0","0","0","0","0","0","0","0","0","0","0","0"
"1563","Pcod_bt_survey",5,2,2001,7,1.4,"0","0.3","0.7","0","0","0","0","0","0","0","0","0","0","0","0","0","0","0","0","0"
"1564","Pcod_bt_survey",5,2,2001,7,1.4,"0","0.1","0.9","0","0","0","0","0","0","0","0","0","0","0","0","0","0","0","0","0"
"1565","Pcod_bt_survey",5,2,2001,7,1.82,"0","0","1","0","0","0","0","0","0","0","0","0","0","0","0","0","0","0","0","0"
"1566","Pcod_bt_survey",5,2,2001,7,1.68,"0","0","1","0","0","0","0","0","0","0","0","0","0","0","0","0","0","0","0","0"
"1567","Pcod_bt_survey",5,2,2001,7,1.68,"0","0","1","0","0","0","0","0","0","0","0","0","0","0","0","0","0","0","0","0"
"1568","Pcod_bt_survey",5,2,2001,7,1.82,"0","0","1","0","0","0","0","0","0","0","0","0","0","0","0","0","0","0","0","0"
"1569","Pcod_bt_survey",5,2,2001,7,1.82,"0","0","1","0","0","0","0","0","0","0","0","0","0","0","0","0","0","0","0","0"
"1570","Pcod_bt_survey",5,2,2001,7,1.54,"0","0","1","0","0","0","0","0","0","0","0","0","0","0","0","0","0","0","0","0"
"1571","Pcod_bt_survey",5,2,2001,7,1.82,"0","0","1","0","0","0","0","0","0","0","0","0","0","0","0","0","0","0","0","0"
"1572","Pcod_bt_survey",5,2,2001,7,1.82,"0","0","1","0","0","0","0","0","0","0","0","0","0","0","0","0","0","0","0","0"
"1573","Pcod_bt_survey",5,2,2001,7,1.54,"0","0","0.909091","0.0909091","0","0","0","0","0","0","0","0","0","0","0","0","0","0","0","0"
"1574","Pcod_bt_survey",5,2,2001,7,1.68,"0","0","0.833333","0.166667","0","0","0","0","0","0","0","0","0","0","0","0","0","0","0","0"
"1575","Pcod_bt_survey",5,2,2001,7,1.54,"0","0","0.909091","0.0909091","0","0","0","0","0","0","0","0","0","0","0","0","0","0","0","0"
"1576","Pcod_bt_survey",5,2,2001,7,1.54,"0","0","0.909091","0.0909091","0","0","0","0","0","0","0","0","0","0","0","0","0","0","0","0"
"1577","Pcod_bt_survey",5,2,2001,7,1.54,"0","0","0.727273","0.272727","0","0","0","0","0","0","0","0","0","0","0","0","0","0","0","0"
"1578","Pcod_bt_survey",5,2,2001,7,1.96,"0","0","0.785714","0.214286","0","0","0","0","0","0","0","0","0","0","0","0","0","0","0","0"
"1579","Pcod_bt_survey",5,2,2001,7,1.82,"0","0","0.538462","0.461538","0","0","0","0","0","0","0","0","0","0","0","0","0","0","0","0"
"1580","Pcod_bt_survey",5,2,2001,7,1.96,"0","0","0.357143","0.571429","0.0714286","0","0","0","0","0","0","0","0","0","0","0","0","0","0","0"
"1581","Pcod_bt_survey",5,2,2001,7,1.54,"0","0","0.363636","0.636364","0","0","0","0","0","0","0","0","0","0","0","0","0","0","0","0"
"1582","Pcod_bt_survey",5,2,2001,7,1.54,"0","0","0.636364","0.363636","0","0","0","0","0","0","0","0","0","0","0","0","0","0","0","0"
"1583","Pcod_bt_survey",5,2,2001,7,1.82,"0","0","0.230769","0.769231","0","0","0","0","0","0","0","0","0","0","0","0","0","0","0","0"
"1584","Pcod_bt_survey",5,2,2001,7,1.82,"0","0","0","0.461538","0.307692","0.230769","0","0","0","0","0","0","0","0","0","0","0","0","0","0"
"1585","Pcod_bt_survey",5,2,2001,7,1.54,"0","0","0","0.636364","0.363636","0","0","0","0","0","0","0","0","0","0","0","0","0","0","0"
"1586","Pcod_bt_survey",5,2,2001,7,1.68,"0","0","0.166667","0.5","0.25","0.0833333","0","0","0","0","0","0","0","0","0","0","0","0","0","0"
"1587","Pcod_bt_survey",5,2,2001,7,1.96,"0","0","0.0714286","0.428571","0.5","0","0","0","0","0","0","0","0","0","0","0","0","0","0","0"
"1588","Pcod_bt_survey",5,2,2001,7,1.4,"0","0","0.1","0.4","0.5","0","0","0","0","0","0","0","0","0","0","0","0","0","0","0"
"1589","Pcod_bt_survey",5,2,2001,7,1.54,"0","0","0","0.181818","0.636364","0.181818","0","0","0","0","0","0","0","0","0","0","0","0","0","0"
"1590","Pcod_bt_survey",5,2,2001,7,1.82,"0","0","0","0.153846","0.692308","0.153846","0","0","0","0","0","0","0","0","0","0","0","0","0","0"
"1591","Pcod_bt_survey",5,2,2001,7,1.4,"0","0","0","0","0.6","0.4","0","0","0","0","0","0","0","0","0","0","0","0","0","0"
"1592","Pcod_bt_survey",5,2,2001,7,1.4,"0","0","0","0.1","0.7","0.2","0","0","0","0","0","0","0","0","0","0","0","0","0","0"
"1593","Pcod_bt_survey",5,2,2001,7,1.54,"0","0","0.0909091","0.0909091","0.545455","0.181818","0.0909091","0","0","0","0","0","0","0","0","0","0","0","0","0"
"1594","Pcod_bt_survey",5,2,2001,7,1.4,"0","0","0","0","0.3","0.7","0","0","0","0","0","0","0","0","0","0","0","0","0","0"
"1595","Pcod_bt_survey",5,2,2001,7,1.12,"0","0","0","0","0.375","0.5","0.125","0","0","0","0","0","0","0","0","0","0","0","0","0"
"1596","Pcod_bt_survey",5,2,2001,7,1.82,"0","0","0","0","0.384615","0.615385","0","0","0","0","0","0","0","0","0","0","0","0","0","0"
"1597","Pcod_bt_survey",5,2,2001,7,1.4,"0","0","0","0","0.2","0.5","0.1","0.2","0","0","0","0","0","0","0","0","0","0","0","0"
"1598","Pcod_bt_survey",5,2,2001,7,1.82,"0","0","0","0","0.384615","0.538462","0.0769231","0","0","0","0","0","0","0","0","0","0","0","0","0"
"1599","Pcod_bt_survey",5,2,2001,7,1.26,"0","0","0","0","0.111111","0.666667","0.222222","0","0","0","0","0","0","0","0","0","0","0","0","0"
"1600","Pcod_bt_survey",5,2,2001,7,0.98,"0","0","0","0","0.285714","0.428571","0.285714","0","0","0","0","0","0","0","0","0","0","0","0","0"
"1601","Pcod_bt_survey",5,2,2001,7,0.84,"0","0","0","0","0.166667","0.666667","0","0","0.166667","0","0","0","0","0","0","0","0","0","0","0"
"1602","Pcod_bt_survey",5,2,2001,7,0.84,"0","0","0","0","0.166667","0.5","0.333333","0","0","0","0","0","0","0","0","0","0","0","0","0"
"1603","Pcod_bt_survey",5,2,2001,7,0.84,"0","0","0","0","0","0.666667","0.166667","0.166667","0","0","0","0","0","0","0","0","0","0","0","0"
"1604","Pcod_bt_survey",5,2,2001,7,0.56,"0","0","0","0","0","0.25","0.75","0","0","0","0","0","0","0","0","0","0","0","0","0"
"1605","Pcod_bt_survey",5,2,2001,7,0.84,"0","0","0","0","0","0.5","0.333333","0","0.166667","0","0","0","0","0","0","0","0","0","0","0"
"1606","Pcod_bt_survey",5,2,2001,7,0.42,"0","0","0","0","0","0.333333","0.666667","0","0","0","0","0","0","0","0","0","0","0","0","0"
"1607","Pcod_bt_survey",5,2,2001,7,0.42,"0","0","0","0","0.333333","0","0.666667","0","0","0","0","0","0","0","0","0","0","0","0","0"
"1608","Pcod_bt_survey",5,2,2001,7,0.42,"0","0","0","0","0","0.333333","0.333333","0.333333","0","0","0","0","0","0","0","0","0","0","0","0"
"1609","Pcod_bt_survey",5,2,2001,7,0.28,"0","0","0","0","0","0","0.5","0.5","0","0","0","0","0","0","0","0","0","0","0","0"
"1610","Pcod_bt_survey",5,2,2001,7,0.28,"0","0","0","0","0.5","0","0","0.5","0","0","0","0","0","0","0","0","0","0","0","0"
"1611","Pcod_bt_survey",5,2,2001,7,0.56,"0","0","0","0","0","0.5","0.25","0.25","0","0","0","0","0","0","0","0","0","0","0","0"
"1612","Pcod_bt_survey",5,2,2001,7,0.42,"0","0","0","0","0","0.333333","0.666667","0","0","0","0","0","0","0","0","0","0","0","0","0"
"1613","Pcod_bt_survey",5,2,2001,7,0.14,"0","0","0","0","0","0","1","0","0","0","0","0","0","0","0","0","0","0","0","0"
"1614","Pcod_bt_survey",5,2,2001,7,0.14,"0","0","0","0","0","0","0","1","0","0","0","0","0","0","0","0","0","0","0","0"
"1615","Pcod_bt_survey",5,2,2001,7,0.28,"0","0","0","0","0","0","0","0.5","0.5","0","0","0","0","0","0","0","0","0","0","0"
"1616","Pcod_bt_survey",5,2,2001,7,0.14,"0","0","0","0","0","0","0","1","0","0","0","0","0","0","0","0","0","0","0","0"
"1617","Pcod_bt_survey",5,2,2001,7,0.28,"0","0","0","0","0","0","0.5","0","0.5","0","0","0","0","0","0","0","0","0","0","0"
"1618","Pcod_bt_survey",5,2,2001,7,0.14,"0","0","0","0","0","0","1","0","0","0","0","0","0","0","0","0","0","0","0","0"
"1619","Pcod_bt_survey",5,2,2001,7,0.14,"0","0","0","0","0","0","0","1","0","0","0","0","0","0","0","0","0","0","0","0"
"1620","Pcod_bt_survey",5,2,2001,7,0.14,"0","0","0","0","0","0","0","0","1","0","0","0","0","0","0","0","0","0","0","0"
"1621","Pcod_bt_survey",5,2,2001,7,0.14,"0","0","0","0","0","0","0","1","0","0","0","0","0","0","0","0","0","0","0","0"
"1622","Pcod_bt_survey",5,2,2001,7,0.14,"0","0","0","0","0","0","0","1","0","0","0","0","0","0","0","0","0","0","0","0"
"1623","Pcod_bt_survey",5,2,2001,7,0.28,"0","0","0","0","0","0.5","0","0","0.5","0","0","0","0","0","0","0","0","0","0","0"
"1624","Pcod_bt_survey",5,2,2003,7,0.14,"1","0","0","0","0","0","0","0","0","0","0","0","0","0","0","0","0","0","0","0"
"1625","Pcod_bt_survey",5,2,2003,7,0.28,"1","0","0","0","0","0","0","0","0","0","0","0","0","0","0","0","0","0","0","0"
"1626","Pcod_bt_survey",5,2,2003,7,0.42,"1","0","0","0","0","0","0","0","0","0","0","0","0","0","0","0","0","0","0","0"
"1627","Pcod_bt_survey",5,2,2003,7,0.56,"1","0","0","0","0","0","0","0","0","0","0","0","0","0","0","0","0","0","0","0"
"1628","Pcod_bt_survey",5,2,2003,7,0.56,"1","0","0","0","0","0","0","0","0","0","0","0","0","0","0","0","0","0","0","0"
"1629","Pcod_bt_survey",5,2,2003,7,0.56,"1","0","0","0","0","0","0","0","0","0","0","0","0","0","0","0","0","0","0","0"
"1630","Pcod_bt_survey",5,2,2003,7,0.56,"1","0","0","0","0","0","0","0","0","0","0","0","0","0","0","0","0","0","0","0"
"1631","Pcod_bt_survey",5,2,2003,7,1.12,"1","0","0","0","0","0","0","0","0","0","0","0","0","0","0","0","0","0","0","0"
"1632","Pcod_bt_survey",5,2,2003,7,0.98,"1","0","0","0","0","0","0","0","0","0","0","0","0","0","0","0","0","0","0","0"
"1633","Pcod_bt_survey",5,2,2003,7,0.98,"1","0","0","0","0","0","0","0","0","0","0","0","0","0","0","0","0","0","0","0"
"1634","Pcod_bt_survey",5,2,2003,7,0.28,"0.5","0.5","0","0","0","0","0","0","0","0","0","0","0","0","0","0","0","0","0","0"
"1635","Pcod_bt_survey",5,2,2003,7,0.84,"0.666667","0.333333","0","0","0","0","0","0","0","0","0","0","0","0","0","0","0","0","0","0"
"1636","Pcod_bt_survey",5,2,2003,7,0.7,"0.6","0.4","0","0","0","0","0","0","0","0","0","0","0","0","0","0","0","0","0","0"
"1637","Pcod_bt_survey",5,2,2003,7,0.28,"0","1","0","0","0","0","0","0","0","0","0","0","0","0","0","0","0","0","0","0"
"1638","Pcod_bt_survey",5,2,2003,7,0.28,"0","1","0","0","0","0","0","0","0","0","0","0","0","0","0","0","0","0","0","0"
"1639","Pcod_bt_survey",5,2,2003,7,0.56,"0.25","0.5","0.25","0","0","0","0","0","0","0","0","0","0","0","0","0","0","0","0","0"
"1640","Pcod_bt_survey",5,2,2003,7,0.42,"0.333333","0.666667","0","0","0","0","0","0","0","0","0","0","0","0","0","0","0","0","0","0"
"1641","Pcod_bt_survey",5,2,2003,7,0.42,"0","1","0","0","0","0","0","0","0","0","0","0","0","0","0","0","0","0","0","0"
"1642","Pcod_bt_survey",5,2,2003,7,0.84,"0","1","0","0","0","0","0","0","0","0","0","0","0","0","0","0","0","0","0","0"
"1643","Pcod_bt_survey",5,2,2003,7,0.7,"0","1","0","0","0","0","0","0","0","0","0","0","0","0","0","0","0","0","0","0"
"1644","Pcod_bt_survey",5,2,2003,7,0.7,"0","0.8","0.2","0","0","0","0","0","0","0","0","0","0","0","0","0","0","0","0","0"
"1645","Pcod_bt_survey",5,2,2003,7,1.12,"0","0.25","0.75","0","0","0","0","0","0","0","0","0","0","0","0","0","0","0","0","0"
"1646","Pcod_bt_survey",5,2,2003,7,1.26,"0","0.666667","0.333333","0","0","0","0","0","0","0","0","0","0","0","0","0","0","0","0","0"
"1647","Pcod_bt_survey",5,2,2003,7,2.24,"0","0.1875","0.8125","0","0","0","0","0","0","0","0","0","0","0","0","0","0","0","0","0"
"1648","Pcod_bt_survey",5,2,2003,7,1.4,"0","0","1","0","0","0","0","0","0","0","0","0","0","0","0","0","0","0","0","0"
"1649","Pcod_bt_survey",5,2,2003,7,1.54,"0","0","1","0","0","0","0","0","0","0","0","0","0","0","0","0","0","0","0","0"
"1650","Pcod_bt_survey",5,2,2003,7,2.1,"0","0","1","0","0","0","0","0","0","0","0","0","0","0","0","0","0","0","0","0"
"1651","Pcod_bt_survey",5,2,2003,7,1.82,"0","0","1","0","0","0","0","0","0","0","0","0","0","0","0","0","0","0","0","0"
"1652","Pcod_bt_survey",5,2,2003,7,1.82,"0","0","1","0","0","0","0","0","0","0","0","0","0","0","0","0","0","0","0","0"
"1653","Pcod_bt_survey",5,2,2003,7,1.82,"0","0","1","0","0","0","0","0","0","0","0","0","0","0","0","0","0","0","0","0"
"1654","Pcod_bt_survey",5,2,2003,7,1.68,"0","0","1","0","0","0","0","0","0","0","0","0","0","0","0","0","0","0","0","0"
"1655","Pcod_bt_survey",5,2,2003,7,2.1,"0","0","1","0","0","0","0","0","0","0","0","0","0","0","0","0","0","0","0","0"
"1656","Pcod_bt_survey",5,2,2003,7,1.96,"0","0","1","0","0","0","0","0","0","0","0","0","0","0","0","0","0","0","0","0"
"1657","Pcod_bt_survey",5,2,2003,7,1.4,"0","0","1","0","0","0","0","0","0","0","0","0","0","0","0","0","0","0","0","0"
"1658","Pcod_bt_survey",5,2,2003,7,1.96,"0","0","0.785714","0.214286","0","0","0","0","0","0","0","0","0","0","0","0","0","0","0","0"
"1659","Pcod_bt_survey",5,2,2003,7,2.24,"0","0","1","0","0","0","0","0","0","0","0","0","0","0","0","0","0","0","0","0"
"1660","Pcod_bt_survey",5,2,2003,7,1.82,"0","0","0.846154","0.153846","0","0","0","0","0","0","0","0","0","0","0","0","0","0","0","0"
"1661","Pcod_bt_survey",5,2,2003,7,2.1,"0","0","0.6","0.4","0","0","0","0","0","0","0","0","0","0","0","0","0","0","0","0"
"1662","Pcod_bt_survey",5,2,2003,7,2.1,"0","0","0.6","0.4","0","0","0","0","0","0","0","0","0","0","0","0","0","0","0","0"
"1663","Pcod_bt_survey",5,2,2003,7,2.52,"0","0","0.611111","0.388889","0","0","0","0","0","0","0","0","0","0","0","0","0","0","0","0"
"1664","Pcod_bt_survey",5,2,2003,7,1.82,"0","0","0.692308","0.307692","0","0","0","0","0","0","0","0","0","0","0","0","0","0","0","0"
"1665","Pcod_bt_survey",5,2,2003,7,1.82,"0","0","0.230769","0.769231","0","0","0","0","0","0","0","0","0","0","0","0","0","0","0","0"
"1666","Pcod_bt_survey",5,2,2003,7,2.1,"0","0","0.2","0.8","0","0","0","0","0","0","0","0","0","0","0","0","0","0","0","0"
"1667","Pcod_bt_survey",5,2,2003,7,2.38,"0","0","0.411765","0.529412","0.0588235","0","0","0","0","0","0","0","0","0","0","0","0","0","0","0"
"1668","Pcod_bt_survey",5,2,2003,7,2.1,"0","0","0.2","0.6","0.133333","0.0666667","0","0","0","0","0","0","0","0","0","0","0","0","0","0"
"1669","Pcod_bt_survey",5,2,2003,7,2.24,"0","0","0.125","0.6875","0.1875","0","0","0","0","0","0","0","0","0","0","0","0","0","0","0"
"1670","Pcod_bt_survey",5,2,2003,7,1.54,"0","0","0.0909091","0.818182","0.0909091","0","0","0","0","0","0","0","0","0","0","0","0","0","0","0"
"1671","Pcod_bt_survey",5,2,2003,7,2.1,"0","0","0.0666667","0.6","0.333333","0","0","0","0","0","0","0","0","0","0","0","0","0","0","0"
"1672","Pcod_bt_survey",5,2,2003,7,1.26,"0","0","0","0.444444","0.444444","0.111111","0","0","0","0","0","0","0","0","0","0","0","0","0","0"
"1673","Pcod_bt_survey",5,2,2003,7,1.82,"0","0","0","0.384615","0.538462","0.0769231","0","0","0","0","0","0","0","0","0","0","0","0","0","0"
"1674","Pcod_bt_survey",5,2,2003,7,1.96,"0","0","0","0.357143","0.5","0.142857","0","0","0","0","0","0","0","0","0","0","0","0","0","0"
"1675","Pcod_bt_survey",5,2,2003,7,1.82,"0","0","0.0769231","0.230769","0.538462","0.153846","0","0","0","0","0","0","0","0","0","0","0","0","0","0"
"1676","Pcod_bt_survey",5,2,2003,7,1.54,"0","0","0","0.181818","0.636364","0.0909091","0.0909091","0","0","0","0","0","0","0","0","0","0","0","0","0"
"1677","Pcod_bt_survey",5,2,2003,7,2.24,"0","0","0","0.3125","0.5","0.1875","0","0","0","0","0","0","0","0","0","0","0","0","0","0"
"1678","Pcod_bt_survey",5,2,2003,7,1.82,"0","0","0","0.230769","0.615385","0.0769231","0.0769231","0","0","0","0","0","0","0","0","0","0","0","0","0"
"1679","Pcod_bt_survey",5,2,2003,7,1.12,"0","0","0.125","0","0.625","0.25","0","0","0","0","0","0","0","0","0","0","0","0","0","0"
"1680","Pcod_bt_survey",5,2,2003,7,1.82,"0","0","0","0","0.384615","0.615385","0","0","0","0","0","0","0","0","0","0","0","0","0","0"
"1681","Pcod_bt_survey",5,2,2003,7,0.98,"0","0","0","0","0.571429","0.285714","0.142857","0","0","0","0","0","0","0","0","0","0","0","0","0"
"1682","Pcod_bt_survey",5,2,2003,7,1.26,"0","0","0","0","0.444444","0.555556","0","0","0","0","0","0","0","0","0","0","0","0","0","0"
"1683","Pcod_bt_survey",5,2,2003,7,1.12,"0","0","0","0.125","0.5","0.375","0","0","0","0","0","0","0","0","0","0","0","0","0","0"
"1684","Pcod_bt_survey",5,2,2003,7,1.68,"0","0","0","0","0.0833333","0.75","0.0833333","0.0833333","0","0","0","0","0","0","0","0","0","0","0","0"
"1685","Pcod_bt_survey",5,2,2003,7,1.4,"0","0","0","0.1","0","0.7","0.2","0","0","0","0","0","0","0","0","0","0","0","0","0"
"1686","Pcod_bt_survey",5,2,2003,7,1.26,"0","0","0","0","0.111111","0.666667","0.222222","0","0","0","0","0","0","0","0","0","0","0","0","0"
"1687","Pcod_bt_survey",5,2,2003,7,0.7,"0","0","0","0","0.4","0.6","0","0","0","0","0","0","0","0","0","0","0","0","0","0"
"1688","Pcod_bt_survey",5,2,2003,7,0.7,"0","0","0","0","0","0.8","0","0.2","0","0","0","0","0","0","0","0","0","0","0","0"
"1689","Pcod_bt_survey",5,2,2003,7,0.56,"0","0","0","0","0","1","0","0","0","0","0","0","0","0","0","0","0","0","0","0"
"1690","Pcod_bt_survey",5,2,2003,7,0.84,"0","0","0","0","0","0.666667","0.333333","0","0","0","0","0","0","0","0","0","0","0","0","0"
"1691","Pcod_bt_survey",5,2,2003,7,0.56,"0","0","0","0","0","0","0.75","0.25","0","0","0","0","0","0","0","0","0","0","0","0"
"1692","Pcod_bt_survey",5,2,2003,7,0.7,"0","0","0","0","0","0.4","0.6","0","0","0","0","0","0","0","0","0","0","0","0","0"
"1693","Pcod_bt_survey",5,2,2003,7,0.14,"0","0","0","0","0","0","1","0","0","0","0","0","0","0","0","0","0","0","0","0"
"1694","Pcod_bt_survey",5,2,2003,7,0.56,"0","0","0","0","0","0.75","0","0.25","0","0","0","0","0","0","0","0","0","0","0","0"
"1695","Pcod_bt_survey",5,2,2003,7,0.42,"0","0","0","0","0","0","0.333333","0.666667","0","0","0","0","0","0","0","0","0","0","0","0"
"1696","Pcod_bt_survey",5,2,2003,7,0.28,"0","0","0","0","0","1","0","0","0","0","0","0","0","0","0","0","0","0","0","0"
"1697","Pcod_bt_survey",5,2,2003,7,0.28,"0","0","0","0","0","0","0.5","0.5","0","0","0","0","0","0","0","0","0","0","0","0"
"1698","Pcod_bt_survey",5,2,2003,7,0.28,"0","0","0","0","0","0","0.5","0.5","0","0","0","0","0","0","0","0","0","0","0","0"
"1699","Pcod_bt_survey",5,2,2003,7,0.14,"0","0","0","0","0","0","1","0","0","0","0","0","0","0","0","0","0","0","0","0"
"1700","Pcod_bt_survey",5,2,2003,7,0.42,"0","0","0","0","0","0","0.666667","0.333333","0","0","0","0","0","0","0","0","0","0","0","0"
"1701","Pcod_bt_survey",5,2,2003,7,0.42,"0","0","0","0","0","0","0.666667","0","0.333333","0","0","0","0","0","0","0","0","0","0","0"
"1702","Pcod_bt_survey",5,2,2003,7,0.14,"0","0","0","0","0","0","1","0","0","0","0","0","0","0","0","0","0","0","0","0"
"1703","Pcod_bt_survey",5,2,2003,7,0.14,"0","0","0","0","0","0","1","0","0","0","0","0","0","0","0","0","0","0","0","0"
"1704","Pcod_bt_survey",5,2,2003,7,0.14,"0","0","0","0","0","0","0","1","0","0","0","0","0","0","0","0","0","0","0","0"
"1705","Pcod_bt_survey",5,2,2005,7,0.56,"1","0","0","0","0","0","0","0","0","0","0","0","0","0","0","0","0","0","0","0"
"1706","Pcod_bt_survey",5,2,2005,7,0.28,"1","0","0","0","0","0","0","0","0","0","0","0","0","0","0","0","0","0","0","0"
"1707","Pcod_bt_survey",5,2,2005,7,0.7,"1","0","0","0","0","0","0","0","0","0","0","0","0","0","0","0","0","0","0","0"
"1708","Pcod_bt_survey",5,2,2005,7,0.7,"1","0","0","0","0","0","0","0","0","0","0","0","0","0","0","0","0","0","0","0"
"1709","Pcod_bt_survey",5,2,2005,7,0.84,"1","0","0","0","0","0","0","0","0","0","0","0","0","0","0","0","0","0","0","0"
"1710","Pcod_bt_survey",5,2,2005,7,0.98,"1","0","0","0","0","0","0","0","0","0","0","0","0","0","0","0","0","0","0","0"
"1711","Pcod_bt_survey",5,2,2005,7,0.56,"1","0","0","0","0","0","0","0","0","0","0","0","0","0","0","0","0","0","0","0"
"1712","Pcod_bt_survey",5,2,2005,7,0.98,"1","0","0","0","0","0","0","0","0","0","0","0","0","0","0","0","0","0","0","0"
"1713","Pcod_bt_survey",5,2,2005,7,0.84,"0.833333","0.166667","0","0","0","0","0","0","0","0","0","0","0","0","0","0","0","0","0","0"
"1714","Pcod_bt_survey",5,2,2005,7,0.56,"0.5","0.5","0","0","0","0","0","0","0","0","0","0","0","0","0","0","0","0","0","0"
"1715","Pcod_bt_survey",5,2,2005,7,0.7,"0.2","0.8","0","0","0","0","0","0","0","0","0","0","0","0","0","0","0","0","0","0"
"1716","Pcod_bt_survey",5,2,2005,7,0.42,"0.666667","0.333333","0","0","0","0","0","0","0","0","0","0","0","0","0","0","0","0","0","0"
"1717","Pcod_bt_survey",5,2,2005,7,0.98,"0","1","0","0","0","0","0","0","0","0","0","0","0","0","0","0","0","0","0","0"
"1718","Pcod_bt_survey",5,2,2005,7,0.7,"0","1","0","0","0","0","0","0","0","0","0","0","0","0","0","0","0","0","0","0"
"1719","Pcod_bt_survey",5,2,2005,7,0.98,"0","0.857143","0.142857","0","0","0","0","0","0","0","0","0","0","0","0","0","0","0","0","0"
"1720","Pcod_bt_survey",5,2,2005,7,0.42,"0","1","0","0","0","0","0","0","0","0","0","0","0","0","0","0","0","0","0","0"
"1721","Pcod_bt_survey",5,2,2005,7,0.7,"0","0.8","0.2","0","0","0","0","0","0","0","0","0","0","0","0","0","0","0","0","0"
"1722","Pcod_bt_survey",5,2,2005,7,1.54,"0","1","0","0","0","0","0","0","0","0","0","0","0","0","0","0","0","0","0","0"
"1723","Pcod_bt_survey",5,2,2005,7,0.84,"0","0.833333","0.166667","0","0","0","0","0","0","0","0","0","0","0","0","0","0","0","0","0"
"1724","Pcod_bt_survey",5,2,2005,7,0.98,"0","0.428571","0.571429","0","0","0","0","0","0","0","0","0","0","0","0","0","0","0","0","0"
"1725","Pcod_bt_survey",5,2,2005,7,1.4,"0","0.7","0.3","0","0","0","0","0","0","0","0","0","0","0","0","0","0","0","0","0"
"1726","Pcod_bt_survey",5,2,2005,7,1.12,"0","0.625","0.375","0","0","0","0","0","0","0","0","0","0","0","0","0","0","0","0","0"
"1727","Pcod_bt_survey",5,2,2005,7,1.4,"0","0.8","0.2","0","0","0","0","0","0","0","0","0","0","0","0","0","0","0","0","0"
"1728","Pcod_bt_survey",5,2,2005,7,0.98,"0","0.142857","0.857143","0","0","0","0","0","0","0","0","0","0","0","0","0","0","0","0","0"
"1729","Pcod_bt_survey",5,2,2005,7,1.4,"0","0.3","0.7","0","0","0","0","0","0","0","0","0","0","0","0","0","0","0","0","0"
"1730","Pcod_bt_survey",5,2,2005,7,1.4,"0","0.2","0.8","0","0","0","0","0","0","0","0","0","0","0","0","0","0","0","0","0"
"1731","Pcod_bt_survey",5,2,2005,7,1.26,"0","0.111111","0.888889","0","0","0","0","0","0","0","0","0","0","0","0","0","0","0","0","0"
"1732","Pcod_bt_survey",5,2,2005,7,0.98,"0","0","1","0","0","0","0","0","0","0","0","0","0","0","0","0","0","0","0","0"
"1733","Pcod_bt_survey",5,2,2005,7,1.54,"0","0","1","0","0","0","0","0","0","0","0","0","0","0","0","0","0","0","0","0"
"1734","Pcod_bt_survey",5,2,2005,7,1.26,"0","0","1","0","0","0","0","0","0","0","0","0","0","0","0","0","0","0","0","0"
"1735","Pcod_bt_survey",5,2,2005,7,1.26,"0","0","1","0","0","0","0","0","0","0","0","0","0","0","0","0","0","0","0","0"
"1736","Pcod_bt_survey",5,2,2005,7,1.26,"0","0","1","0","0","0","0","0","0","0","0","0","0","0","0","0","0","0","0","0"
"1737","Pcod_bt_survey",5,2,2005,7,1.4,"0","0","0.8","0.2","0","0","0","0","0","0","0","0","0","0","0","0","0","0","0","0"
"1738","Pcod_bt_survey",5,2,2005,7,1.4,"0","0","1","0","0","0","0","0","0","0","0","0","0","0","0","0","0","0","0","0"
"1739","Pcod_bt_survey",5,2,2005,7,1.4,"0","0","1","0","0","0","0","0","0","0","0","0","0","0","0","0","0","0","0","0"
"1740","Pcod_bt_survey",5,2,2005,7,1.26,"0","0","1","0","0","0","0","0","0","0","0","0","0","0","0","0","0","0","0","0"
"1741","Pcod_bt_survey",5,2,2005,7,1.54,"0","0","0.818182","0.181818","0","0","0","0","0","0","0","0","0","0","0","0","0","0","0","0"
"1742","Pcod_bt_survey",5,2,2005,7,1.68,"0","0","0.416667","0.5","0.0833333","0","0","0","0","0","0","0","0","0","0","0","0","0","0","0"
"1743","Pcod_bt_survey",5,2,2005,7,1.54,"0","0","0.909091","0.0909091","0","0","0","0","0","0","0","0","0","0","0","0","0","0","0","0"
"1744","Pcod_bt_survey",5,2,2005,7,1.68,"0","0","0.333333","0.583333","0.0833333","0","0","0","0","0","0","0","0","0","0","0","0","0","0","0"
"1745","Pcod_bt_survey",5,2,2005,7,1.54,"0","0","0.636364","0.272727","0","0.0909091","0","0","0","0","0","0","0","0","0","0","0","0","0","0"
"1746","Pcod_bt_survey",5,2,2005,7,1.4,"0","0","0.2","0.8","0","0","0","0","0","0","0","0","0","0","0","0","0","0","0","0"
"1747","Pcod_bt_survey",5,2,2005,7,1.4,"0","0","0.4","0.6","0","0","0","0","0","0","0","0","0","0","0","0","0","0","0","0"
"1748","Pcod_bt_survey",5,2,2005,7,1.54,"0","0","0.181818","0.636364","0.181818","0","0","0","0","0","0","0","0","0","0","0","0","0","0","0"
"1749","Pcod_bt_survey",5,2,2005,7,1.68,"0","0","0.0833333","0.666667","0.25","0","0","0","0","0","0","0","0","0","0","0","0","0","0","0"
"1750","Pcod_bt_survey",5,2,2005,7,1.4,"0","0","0","0.8","0.2","0","0","0","0","0","0","0","0","0","0","0","0","0","0","0"
"1751","Pcod_bt_survey",5,2,2005,7,1.68,"0","0","0","0.333333","0.666667","0","0","0","0","0","0","0","0","0","0","0","0","0","0","0"
"1752","Pcod_bt_survey",5,2,2005,7,1.68,"0","0","0","0.333333","0.666667","0","0","0","0","0","0","0","0","0","0","0","0","0","0","0"
"1753","Pcod_bt_survey",5,2,2005,7,1.54,"0","0","0","0.272727","0.636364","0.0909091","0","0","0","0","0","0","0","0","0","0","0","0","0","0"
"1754","Pcod_bt_survey",5,2,2005,7,1.54,"0","0","0","0.181818","0.636364","0.181818","0","0","0","0","0","0","0","0","0","0","0","0","0","0"
"1755","Pcod_bt_survey",5,2,2005,7,1.26,"0","0","0","0.444444","0.444444","0.111111","0","0","0","0","0","0","0","0","0","0","0","0","0","0"
"1756","Pcod_bt_survey",5,2,2005,7,1.82,"0","0","0","0","0.846154","0.153846","0","0","0","0","0","0","0","0","0","0","0","0","0","0"
"1757","Pcod_bt_survey",5,2,2005,7,1.54,"0","0","0","0.272727","0.363636","0.272727","0.0909091","0","0","0","0","0","0","0","0","0","0","0","0","0"
"1758","Pcod_bt_survey",5,2,2005,7,1.54,"0","0","0","0","0.818182","0.181818","0","0","0","0","0","0","0","0","0","0","0","0","0","0"
"1759","Pcod_bt_survey",5,2,2005,7,1.26,"0","0","0","0","0.666667","0.333333","0","0","0","0","0","0","0","0","0","0","0","0","0","0"
"1760","Pcod_bt_survey",5,2,2005,7,1.26,"0","0","0","0","0.555556","0.333333","0.111111","0","0","0","0","0","0","0","0","0","0","0","0","0"
"1761","Pcod_bt_survey",5,2,2005,7,1.12,"0","0","0","0","0.375","0.625","0","0","0","0","0","0","0","0","0","0","0","0","0","0"
"1762","Pcod_bt_survey",5,2,2005,7,1.26,"0","0","0","0","0.111111","0.666667","0.222222","0","0","0","0","0","0","0","0","0","0","0","0","0"
"1763","Pcod_bt_survey",5,2,2005,7,0.84,"0","0","0","0","0","0.833333","0.166667","0","0","0","0","0","0","0","0","0","0","0","0","0"
"1764","Pcod_bt_survey",5,2,2005,7,0.98,"0","0","0","0","0.142857","0.428571","0.428571","0","0","0","0","0","0","0","0","0","0","0","0","0"
"1765","Pcod_bt_survey",5,2,2005,7,0.14,"0","0","0","0","0","0","1","0","0","0","0","0","0","0","0","0","0","0","0","0"
"1766","Pcod_bt_survey",5,2,2005,7,0.28,"0","0","0","0","0","0.5","0.5","0","0","0","0","0","0","0","0","0","0","0","0","0"
"1767","Pcod_bt_survey",5,2,2005,7,0.42,"0","0","0","0","0.333333","0.666667","0","0","0","0","0","0","0","0","0","0","0","0","0","0"
"1768","Pcod_bt_survey",5,2,2005,7,0.28,"0","0","0","0","0","1","0","0","0","0","0","0","0","0","0","0","0","0","0","0"
"1769","Pcod_bt_survey",5,2,2005,7,0.56,"0","0","0","0","0","0.75","0.25","0","0","0","0","0","0","0","0","0","0","0","0","0"
"1770","Pcod_bt_survey",5,2,2005,7,0.42,"0","0","0","0","0","0.666667","0.333333","0","0","0","0","0","0","0","0","0","0","0","0","0"
"1771","Pcod_bt_survey",5,2,2005,7,0.14,"0","0","0","0","0","0","1","0","0","0","0","0","0","0","0","0","0","0","0","0"
"1772","Pcod_bt_survey",5,2,2005,7,0.42,"0","0","0","0","0","0","1","0","0","0","0","0","0","0","0","0","0","0","0","0"
"1773","Pcod_bt_survey",5,2,2005,7,0.14,"0","0","0","0","0","0","0","1","0","0","0","0","0","0","0","0","0","0","0","0"
"1774","Pcod_bt_survey",5,2,2005,7,0.14,"0","0","0","0","0","1","0","0","0","0","0","0","0","0","0","0","0","0","0","0"
"1775","Pcod_bt_survey",5,2,2005,7,0.14,"0","0","0","0","0","0","0","0","1","0","0","0","0","0","0","0","0","0","0","0"
"1776","Pcod_bt_survey",5,2,2005,7,0.14,"0","0","0","0","0","0","1","0","0","0","0","0","0","0","0","0","0","0","0","0"
"1777","Pcod_bt_survey",5,2,2005,7,0.42,"0","0","0","0","0","0","0","0.666667","0.333333","0","0","0","0","0","0","0","0","0","0","0"
"1778","Pcod_bt_survey",5,2,2005,7,0.14,"0","0","0","0","0","0","0","1","0","0","0","0","0","0","0","0","0","0","0","0"
"1779","Pcod_bt_survey",5,2,2005,7,0.14,"0","0","0","0","0","0","1","0","0","0","0","0","0","0","0","0","0","0","0","0"
"1780","Pcod_bt_survey",5,2,2005,7,0.14,"0","0","0","0","0","0","0","0","1","0","0","0","0","0","0","0","0","0","0","0"
