"depthclass","hind","simulation","varname","year","mean_value_dc_610_to_630"
"Bottom","no","ssp126","Mean temp Feb to April",1980,4.1209984321891
"Bottom","no","ssp126","Mean temp Feb to April",1981,3.43723874258903
"Bottom","no","ssp126","Mean temp Feb to April",1982,4.39060004169268
"Bottom","no","ssp126","Mean temp Feb to April",1983,4.08724286199123
"Bottom","no","ssp126","Mean temp Feb to April",1984,4.14297453019555
"Bottom","no","ssp126","Mean temp Feb to April",1985,3.58351606640016
"Bottom","no","ssp126","Mean temp Feb to April",1986,3.9152824058417
"Bottom","no","ssp126","Mean temp Feb to April",1987,3.82123892752303
"Bottom","no","ssp126","Mean temp Feb to April",1988,2.96612836361668
"Bottom","no","ssp126","Mean temp Feb to April",1989,4.1129177823488
"Bottom","no","ssp126","Mean temp Feb to April",1990,2.61642932429123
"Bottom","no","ssp126","Mean temp Feb to April",1991,2.96241506327827
"Bottom","no","ssp126","Mean temp Feb to April",1992,3.384422244662
"Bottom","no","ssp126","Mean temp Feb to April",1993,2.10761832000183
"Bottom","no","ssp126","Mean temp Feb to April",1994,3.09945377165997
"Bottom","no","ssp126","Mean temp Feb to April",1995,2.97727440907165
"Bottom","no","ssp126","Mean temp Feb to April",1996,2.2940419301722
"Bottom","no","ssp126","Mean temp Feb to April",1997,2.88268766121716
"Bottom","no","ssp126","Mean temp Feb to April",1998,4.78419760916357
"Bottom","no","ssp126","Mean temp Feb to April",1999,2.51731536249386
"Bottom","no","ssp126","Mean temp Feb to April",2000,4.69289659891464
"Bottom","no","ssp126","Mean temp Feb to April",2001,4.33297298621322
"Bottom","no","ssp126","Mean temp Feb to April",2002,5.05575818636698
"Bottom","no","ssp126","Mean temp Feb to April",2003,4.36109540294988
"Bottom","no","ssp126","Mean temp Feb to April",2004,5.00357949167929
"Bottom","no","ssp126","Mean temp Feb to April",2005,3.86319757978283
"Bottom","no","ssp126","Mean temp Feb to April",2006,3.99373239804327
"Bottom","no","ssp126","Mean temp Feb to April",2007,3.47788597394913
"Bottom","no","ssp126","Mean temp Feb to April",2008,2.54789679509402
"Bottom","no","ssp126","Mean temp Feb to April",2009,4.03210334632192
"Bottom","no","ssp126","Mean temp Feb to April",2010,4.3372929954271
"Bottom","no","ssp126","Mean temp Feb to April",2011,4.60557464205286
"Bottom","no","ssp126","Mean temp Feb to April",2012,4.66158082903471
"Bottom","no","ssp126","Mean temp Feb to April",2013,4.52717885240817
"Bottom","no","ssp126","Mean temp Feb to April",2014,3.07509990745161
"Bottom","no","ssp126","Mean temp Feb to April",2015,2.49982417429641
"Bottom","no","ssp126","Mean temp Feb to April",2016,2.45553539320915
"Bottom","no","ssp126","Mean temp Feb to April",2017,5.92488450277599
"Bottom","no","ssp126","Mean temp Feb to April",2018,3.20303616987555
"Bottom","no","ssp126","Mean temp Feb to April",2019,3.78066213787698
"Bottom","no","ssp126","Mean temp Feb to April",2020,4.47248185032185
"Bottom","no","ssp126","Mean temp Feb to April",2021,4.74064624338521
"Bottom","no","ssp126","Mean temp Feb to April",2022,2.91215644522254
"Bottom","no","ssp126","Mean temp Feb to April",2023,1.86925591796564
"Bottom","no","ssp126","Mean temp Feb to April",2024,2.78148119316525
"Bottom","no","ssp126","Mean temp Feb to April",2025,3.3106509008338
"Bottom","no","ssp126","Mean temp Feb to April",2026,6.0842665993551
"Bottom","no","ssp126","Mean temp Feb to April",2027,5.44302631304684
"Bottom","no","ssp126","Mean temp Feb to April",2028,4.20243935702558
"Bottom","no","ssp126","Mean temp Feb to April",2029,5.57355506788221
"Bottom","no","ssp126","Mean temp Feb to April",2030,5.808381428745
"Bottom","no","ssp126","Mean temp Feb to April",2031,6.11324776704208
"Bottom","no","ssp126","Mean temp Feb to April",2032,4.11652487794379
"Bottom","no","ssp126","Mean temp Feb to April",2033,4.88566648099313
"Bottom","no","ssp126","Mean temp Feb to April",2034,3.85555918777058
"Bottom","no","ssp126","Mean temp Feb to April",2035,4.69593951152537
"Bottom","no","ssp126","Mean temp Feb to April",2036,3.91434998425906
"Bottom","no","ssp126","Mean temp Feb to April",2037,4.9840646115331
"Bottom","no","ssp126","Mean temp Feb to April",2038,5.18663565707002
"Bottom","no","ssp126","Mean temp Feb to April",2039,4.88594548069678
"Bottom","no","ssp126","Mean temp Feb to April",2040,4.6010874670842
"Bottom","no","ssp126","Mean temp Feb to April",2041,5.53242853301824
"Bottom","no","ssp126","Mean temp Feb to April",2042,6.31510173697268
"Bottom","no","ssp126","Mean temp Feb to April",2043,6.10858636413592
"Bottom","no","ssp126","Mean temp Feb to April",2044,3.78419223270083
"Bottom","no","ssp126","Mean temp Feb to April",2045,5.17256912951002
"Bottom","no","ssp126","Mean temp Feb to April",2046,5.82112189178802
"Bottom","no","ssp126","Mean temp Feb to April",2047,5.43219885683898
"Bottom","no","ssp126","Mean temp Feb to April",2048,5.18122314501979
"Bottom","no","ssp126","Mean temp Feb to April",2049,4.67573721999454
"Bottom","no","ssp126","Mean temp Feb to April",2050,5.60351824905024
"Bottom","no","ssp126","Mean temp Feb to April",2051,4.44740867727963
"Bottom","no","ssp126","Mean temp Feb to April",2052,6.37351420153505
"Bottom","no","ssp126","Mean temp Feb to April",2053,5.17796588239072
"Bottom","no","ssp126","Mean temp Feb to April",2054,4.70948675540932
"Bottom","no","ssp126","Mean temp Feb to April",2055,5.71219099460387
"Bottom","no","ssp126","Mean temp Feb to April",2056,5.79705630120653
"Bottom","no","ssp126","Mean temp Feb to April",2057,4.74400322697827
"Bottom","no","ssp126","Mean temp Feb to April",2058,5.53588416145943
"Bottom","no","ssp126","Mean temp Feb to April",2059,5.84731168483445
"Bottom","no","ssp126","Mean temp Feb to April",2060,4.54792070858409
"Bottom","no","ssp126","Mean temp Feb to April",2061,6.42373760784752
"Bottom","no","ssp126","Mean temp Feb to April",2062,5.891167690759
"Bottom","no","ssp126","Mean temp Feb to April",2063,4.80528614342636
"Bottom","no","ssp126","Mean temp Feb to April",2064,4.48323800314621
"Bottom","no","ssp126","Mean temp Feb to April",2065,4.60914638537242
"Bottom","no","ssp126","Mean temp Feb to April",2066,4.90111528622028
"Bottom","no","ssp126","Mean temp Feb to April",2067,5.31562889329781
"Bottom","no","ssp126","Mean temp Feb to April",2068,5.30551286672457
"Bottom","no","ssp126","Mean temp Feb to April",2069,4.98233297151021
"Bottom","no","ssp126","Mean temp Feb to April",2070,5.36089430385929
"Bottom","no","ssp126","Mean temp Feb to April",2071,3.9366931641207
"Bottom","no","ssp126","Mean temp Feb to April",2072,5.73886053004775
"Bottom","no","ssp126","Mean temp Feb to April",2073,4.80150748899268
"Bottom","no","ssp126","Mean temp Feb to April",2074,6.28503785919751
"Bottom","no","ssp126","Mean temp Feb to April",2075,5.80576295033674
"Bottom","no","ssp126","Mean temp Feb to April",2076,4.38553558780905
"Bottom","no","ssp126","Mean temp Feb to April",2077,4.20163290568136
"Bottom","no","ssp126","Mean temp Feb to April",2078,4.69577846822038
"Bottom","no","ssp126","Mean temp Feb to April",2079,4.10279387839074
"Bottom","no","ssp126","Mean temp Feb to April",2080,5.52901906238107
"Bottom","no","ssp126","Mean temp Feb to April",2081,5.15067816155572
"Bottom","no","ssp126","Mean temp Feb to April",2082,5.92340807408763
"Bottom","no","ssp126","Mean temp Feb to April",2083,6.40390397463558
"Bottom","no","ssp126","Mean temp Feb to April",2084,3.9403572317704
"Bottom","no","ssp126","Mean temp Feb to April",2085,3.4894764808005
"Bottom","no","ssp126","Mean temp Feb to April",2086,4.32299125042587
"Bottom","no","ssp126","Mean temp Feb to April",2087,5.04951298230198
"Bottom","no","ssp126","Mean temp Feb to April",2088,5.02200853507373
"Bottom","no","ssp126","Mean temp Feb to April",2089,5.6434112677677
"Bottom","no","ssp126","Mean temp Feb to April",2090,5.70998934799333
"Bottom","no","ssp126","Mean temp Feb to April",2091,4.76261704535389
"Bottom","no","ssp126","Mean temp Feb to April",2092,4.7002786301449
"Bottom","no","ssp126","Mean temp Feb to April",2093,5.99102499595301
"Bottom","no","ssp126","Mean temp Feb to April",2094,5.43643787809354
"Bottom","no","ssp126","Mean temp Feb to April",2095,5.14382343704884
"Bottom","no","ssp126","Mean temp Feb to April",2096,4.8709834319917
"Bottom","no","ssp126","Mean temp Feb to April",2097,6.03255196982558
"Bottom","no","ssp126","Mean temp Feb to April",2098,5.88849249776987
"Bottom","no","ssp126","Mean temp Feb to April",2099,5.52270358514921
"Bottom","yes","ssp126","Mean temp Feb to April",1980,4.1209984321891
"Bottom","yes","ssp126","Mean temp Feb to April",1981,3.43723874258903
"Bottom","yes","ssp126","Mean temp Feb to April",1982,4.39060004169268
"Bottom","yes","ssp126","Mean temp Feb to April",1983,4.08724286199123
"Bottom","yes","ssp126","Mean temp Feb to April",1984,4.14297453019555
"Bottom","yes","ssp126","Mean temp Feb to April",1985,3.58351606640016
"Bottom","yes","ssp126","Mean temp Feb to April",1986,3.9152824058417
"Bottom","yes","ssp126","Mean temp Feb to April",1987,3.82123892752303
"Bottom","yes","ssp126","Mean temp Feb to April",1988,2.96612836361668
"Bottom","yes","ssp126","Mean temp Feb to April",1989,4.1129177823488
"Bottom","yes","ssp126","Mean temp Feb to April",1990,2.4878686406643
"Bottom","yes","ssp126","Mean temp Feb to April",1991,3.12916529413684
"Bottom","yes","ssp126","Mean temp Feb to April",1992,3.86529210245651
"Bottom","yes","ssp126","Mean temp Feb to April",1993,3.66171537694808
"Bottom","yes","ssp126","Mean temp Feb to April",1994,3.76950240911288
"Bottom","yes","ssp126","Mean temp Feb to April",1995,3.35656103188593
"Bottom","yes","ssp126","Mean temp Feb to April",1996,3.92291336582451
"Bottom","yes","ssp126","Mean temp Feb to April",1997,3.85739942997014
"Bottom","yes","ssp126","Mean temp Feb to April",1998,4.90563164784032
"Bottom","yes","ssp126","Mean temp Feb to April",1999,3.42642075458686
"Bottom","yes","ssp126","Mean temp Feb to April",2000,3.81845401353792
"Bottom","yes","ssp126","Mean temp Feb to April",2001,4.95214785651549
"Bottom","yes","ssp126","Mean temp Feb to April",2002,4.01095171748365
"Bottom","yes","ssp126","Mean temp Feb to April",2003,5.573423692689
"Bottom","yes","ssp126","Mean temp Feb to April",2004,4.32282279602999
"Bottom","yes","ssp126","Mean temp Feb to April",2005,4.77387465200423
"Bottom","yes","ssp126","Mean temp Feb to April",2006,4.13074931304868
"Bottom","yes","ssp126","Mean temp Feb to April",2007,3.20621818356875
"Bottom","yes","ssp126","Mean temp Feb to April",2008,3.57241804281511
"Bottom","yes","ssp126","Mean temp Feb to April",2009,3.53446667727047
"Bottom","yes","ssp126","Mean temp Feb to April",2010,4.58115578560527
"Bottom","yes","ssp126","Mean temp Feb to April",2011,3.77438706104134
"Bottom","yes","ssp126","Mean temp Feb to April",2012,3.11784179356669
"Bottom","yes","ssp126","Mean temp Feb to April",2013,4.25467765984948
"Bottom","yes","ssp126","Mean temp Feb to April",2014,4.94425674066355
"Bottom","yes","ssp126","Mean temp Feb to April",2015,5.85654645029415
"Bottom","yes","ssp126","Mean temp Feb to April",2016,6.04712113089941
"Bottom","yes","ssp126","Mean temp Feb to April",2017,4.61427153746352
"Bottom","yes","ssp126","Mean temp Feb to April",2018,5.0589071972679
"Bottom","yes","ssp126","Mean temp Feb to April",2019,5.89084473448796
"Bottom","yes","ssp126","Mean temp Feb to April",2020,4.1740560818724
"Bottom","yes","ssp126","Mean temp Feb to April",2021,4.74064624338521
"Bottom","yes","ssp126","Mean temp Feb to April",2022,2.91215644522254
"Bottom","yes","ssp126","Mean temp Feb to April",2023,1.86925591796564
"Bottom","yes","ssp126","Mean temp Feb to April",2024,2.78148119316525
"Bottom","yes","ssp126","Mean temp Feb to April",2025,3.3106509008338
"Bottom","yes","ssp126","Mean temp Feb to April",2026,6.0842665993551
"Bottom","yes","ssp126","Mean temp Feb to April",2027,5.44302631304684
"Bottom","yes","ssp126","Mean temp Feb to April",2028,4.20243935702558
"Bottom","yes","ssp126","Mean temp Feb to April",2029,5.57355506788221
"Bottom","yes","ssp126","Mean temp Feb to April",2030,5.808381428745
"Bottom","yes","ssp126","Mean temp Feb to April",2031,6.11324776704208
"Bottom","yes","ssp126","Mean temp Feb to April",2032,4.11652487794379
"Bottom","yes","ssp126","Mean temp Feb to April",2033,4.88566648099313
"Bottom","yes","ssp126","Mean temp Feb to April",2034,3.85555918777058
"Bottom","yes","ssp126","Mean temp Feb to April",2035,4.69593951152537
"Bottom","yes","ssp126","Mean temp Feb to April",2036,3.91434998425906
"Bottom","yes","ssp126","Mean temp Feb to April",2037,4.9840646115331
"Bottom","yes","ssp126","Mean temp Feb to April",2038,5.18663565707002
"Bottom","yes","ssp126","Mean temp Feb to April",2039,4.88594548069678
"Bottom","yes","ssp126","Mean temp Feb to April",2040,4.6010874670842
"Bottom","yes","ssp126","Mean temp Feb to April",2041,5.53242853301824
"Bottom","yes","ssp126","Mean temp Feb to April",2042,6.31510173697268
"Bottom","yes","ssp126","Mean temp Feb to April",2043,6.10858636413592
"Bottom","yes","ssp126","Mean temp Feb to April",2044,3.78419223270083
"Bottom","yes","ssp126","Mean temp Feb to April",2045,5.17256912951002
"Bottom","yes","ssp126","Mean temp Feb to April",2046,5.82112189178802
"Bottom","yes","ssp126","Mean temp Feb to April",2047,5.43219885683898
"Bottom","yes","ssp126","Mean temp Feb to April",2048,5.18122314501979
"Bottom","yes","ssp126","Mean temp Feb to April",2049,4.67573721999454
"Bottom","yes","ssp126","Mean temp Feb to April",2050,5.60351824905024
"Bottom","yes","ssp126","Mean temp Feb to April",2051,4.44740867727963
"Bottom","yes","ssp126","Mean temp Feb to April",2052,6.37351420153505
"Bottom","yes","ssp126","Mean temp Feb to April",2053,5.17796588239072
"Bottom","yes","ssp126","Mean temp Feb to April",2054,4.70948675540932
"Bottom","yes","ssp126","Mean temp Feb to April",2055,5.71219099460387
"Bottom","yes","ssp126","Mean temp Feb to April",2056,5.79705630120653
"Bottom","yes","ssp126","Mean temp Feb to April",2057,4.74400322697827
"Bottom","yes","ssp126","Mean temp Feb to April",2058,5.53588416145943
"Bottom","yes","ssp126","Mean temp Feb to April",2059,5.84731168483445
"Bottom","yes","ssp126","Mean temp Feb to April",2060,4.54792070858409
"Bottom","yes","ssp126","Mean temp Feb to April",2061,6.42373760784752
"Bottom","yes","ssp126","Mean temp Feb to April",2062,5.891167690759
"Bottom","yes","ssp126","Mean temp Feb to April",2063,4.80528614342636
"Bottom","yes","ssp126","Mean temp Feb to April",2064,4.48323800314621
"Bottom","yes","ssp126","Mean temp Feb to April",2065,4.60914638537242
"Bottom","yes","ssp126","Mean temp Feb to April",2066,4.90111528622028
"Bottom","yes","ssp126","Mean temp Feb to April",2067,5.31562889329781
"Bottom","yes","ssp126","Mean temp Feb to April",2068,5.30551286672457
"Bottom","yes","ssp126","Mean temp Feb to April",2069,4.98233297151021
"Bottom","yes","ssp126","Mean temp Feb to April",2070,5.36089430385929
"Bottom","yes","ssp126","Mean temp Feb to April",2071,3.9366931641207
"Bottom","yes","ssp126","Mean temp Feb to April",2072,5.73886053004775
"Bottom","yes","ssp126","Mean temp Feb to April",2073,4.80150748899268
"Bottom","yes","ssp126","Mean temp Feb to April",2074,6.28503785919751
"Bottom","yes","ssp126","Mean temp Feb to April",2075,5.80576295033674
"Bottom","yes","ssp126","Mean temp Feb to April",2076,4.38553558780905
"Bottom","yes","ssp126","Mean temp Feb to April",2077,4.20163290568136
"Bottom","yes","ssp126","Mean temp Feb to April",2078,4.69577846822038
"Bottom","yes","ssp126","Mean temp Feb to April",2079,4.10279387839074
"Bottom","yes","ssp126","Mean temp Feb to April",2080,5.52901906238107
"Bottom","yes","ssp126","Mean temp Feb to April",2081,5.15067816155572
"Bottom","yes","ssp126","Mean temp Feb to April",2082,5.92340807408763
"Bottom","yes","ssp126","Mean temp Feb to April",2083,6.40390397463558
"Bottom","yes","ssp126","Mean temp Feb to April",2084,3.9403572317704
"Bottom","yes","ssp126","Mean temp Feb to April",2085,3.4894764808005
"Bottom","yes","ssp126","Mean temp Feb to April",2086,4.32299125042587
"Bottom","yes","ssp126","Mean temp Feb to April",2087,5.04951298230198
"Bottom","yes","ssp126","Mean temp Feb to April",2088,5.02200853507373
"Bottom","yes","ssp126","Mean temp Feb to April",2089,5.6434112677677
"Bottom","yes","ssp126","Mean temp Feb to April",2090,5.70998934799333
"Bottom","yes","ssp126","Mean temp Feb to April",2091,4.76261704535389
"Bottom","yes","ssp126","Mean temp Feb to April",2092,4.7002786301449
"Bottom","yes","ssp126","Mean temp Feb to April",2093,5.99102499595301
"Bottom","yes","ssp126","Mean temp Feb to April",2094,5.43643787809354
"Bottom","yes","ssp126","Mean temp Feb to April",2095,5.14382343704884
"Bottom","yes","ssp126","Mean temp Feb to April",2096,4.8709834319917
"Bottom","yes","ssp126","Mean temp Feb to April",2097,6.03255196982558
"Bottom","yes","ssp126","Mean temp Feb to April",2098,5.88849249776987
"Bottom","yes","ssp126","Mean temp Feb to April",2099,5.52270358514921
"Bottom","no","ssp585","Mean temp Feb to April",1980,4.1209984321891
"Bottom","no","ssp585","Mean temp Feb to April",1981,3.43723874258903
"Bottom","no","ssp585","Mean temp Feb to April",1982,4.39060004169268
"Bottom","no","ssp585","Mean temp Feb to April",1983,4.08724286199123
"Bottom","no","ssp585","Mean temp Feb to April",1984,4.14297453019555
"Bottom","no","ssp585","Mean temp Feb to April",1985,3.58351606640016
"Bottom","no","ssp585","Mean temp Feb to April",1986,3.9152824058417
"Bottom","no","ssp585","Mean temp Feb to April",1987,3.82123892752303
"Bottom","no","ssp585","Mean temp Feb to April",1988,2.96612836361668
"Bottom","no","ssp585","Mean temp Feb to April",1989,4.1129177823488
"Bottom","no","ssp585","Mean temp Feb to April",1990,2.61642932429123
"Bottom","no","ssp585","Mean temp Feb to April",1991,2.96241506327827
"Bottom","no","ssp585","Mean temp Feb to April",1992,3.384422244662
"Bottom","no","ssp585","Mean temp Feb to April",1993,2.10761832000183
"Bottom","no","ssp585","Mean temp Feb to April",1994,3.09945377165997
"Bottom","no","ssp585","Mean temp Feb to April",1995,2.97727440907165
"Bottom","no","ssp585","Mean temp Feb to April",1996,2.2940419301722
"Bottom","no","ssp585","Mean temp Feb to April",1997,2.88268766121716
"Bottom","no","ssp585","Mean temp Feb to April",1998,4.78419760916357
"Bottom","no","ssp585","Mean temp Feb to April",1999,2.51731536249386
"Bottom","no","ssp585","Mean temp Feb to April",2000,4.69289659891464
"Bottom","no","ssp585","Mean temp Feb to April",2001,4.33297298621322
"Bottom","no","ssp585","Mean temp Feb to April",2002,5.05575818636698
"Bottom","no","ssp585","Mean temp Feb to April",2003,4.36109540294988
"Bottom","no","ssp585","Mean temp Feb to April",2004,5.00357949167929
"Bottom","no","ssp585","Mean temp Feb to April",2005,3.86319757978283
"Bottom","no","ssp585","Mean temp Feb to April",2006,3.99373239804327
"Bottom","no","ssp585","Mean temp Feb to April",2007,3.47788597394913
"Bottom","no","ssp585","Mean temp Feb to April",2008,2.54789679509402
"Bottom","no","ssp585","Mean temp Feb to April",2009,4.03210334632192
"Bottom","no","ssp585","Mean temp Feb to April",2010,4.3372929954271
"Bottom","no","ssp585","Mean temp Feb to April",2011,4.60557464205286
"Bottom","no","ssp585","Mean temp Feb to April",2012,4.66158082903471
"Bottom","no","ssp585","Mean temp Feb to April",2013,4.52717885240817
"Bottom","no","ssp585","Mean temp Feb to April",2014,3.07509990745161
"Bottom","no","ssp585","Mean temp Feb to April",2015,3.1784327084192
"Bottom","no","ssp585","Mean temp Feb to April",2016,3.69251134760422
"Bottom","no","ssp585","Mean temp Feb to April",2017,4.45556850156288
"Bottom","no","ssp585","Mean temp Feb to April",2018,4.53721834058014
"Bottom","no","ssp585","Mean temp Feb to April",2019,5.50757142593599
"Bottom","no","ssp585","Mean temp Feb to April",2020,3.98706303686849
"Bottom","no","ssp585","Mean temp Feb to April",2021,3.4056935082576
"Bottom","no","ssp585","Mean temp Feb to April",2022,4.91118435458858
"Bottom","no","ssp585","Mean temp Feb to April",2023,3.27525643760981
"Bottom","no","ssp585","Mean temp Feb to April",2024,2.39882815163052
"Bottom","no","ssp585","Mean temp Feb to April",2025,4.17462958087489
"Bottom","no","ssp585","Mean temp Feb to April",2026,5.12410435467928
"Bottom","no","ssp585","Mean temp Feb to April",2027,3.94897871427059
"Bottom","no","ssp585","Mean temp Feb to April",2028,5.53257671566524
"Bottom","no","ssp585","Mean temp Feb to April",2029,4.78136858999453
"Bottom","no","ssp585","Mean temp Feb to April",2030,4.61686033056667
"Bottom","no","ssp585","Mean temp Feb to April",2031,5.18459416485032
"Bottom","no","ssp585","Mean temp Feb to April",2032,6.01526992727508
"Bottom","no","ssp585","Mean temp Feb to April",2033,5.35369267603264
"Bottom","no","ssp585","Mean temp Feb to April",2034,3.74884757162415
"Bottom","no","ssp585","Mean temp Feb to April",2035,3.18387221962366
"Bottom","no","ssp585","Mean temp Feb to April",2036,4.99560157945794
"Bottom","no","ssp585","Mean temp Feb to April",2037,5.61996588305286
"Bottom","no","ssp585","Mean temp Feb to April",2038,6.31580858925319
"Bottom","no","ssp585","Mean temp Feb to April",2039,5.27889287704748
"Bottom","no","ssp585","Mean temp Feb to April",2040,5.93777003895182
"Bottom","no","ssp585","Mean temp Feb to April",2041,3.71286436389596
"Bottom","no","ssp585","Mean temp Feb to April",2042,4.55064749255699
"Bottom","no","ssp585","Mean temp Feb to April",2043,6.02231578599846
"Bottom","no","ssp585","Mean temp Feb to April",2044,6.18105921193196
"Bottom","no","ssp585","Mean temp Feb to April",2045,5.25286711352841
"Bottom","no","ssp585","Mean temp Feb to April",2046,4.27972703458404
"Bottom","no","ssp585","Mean temp Feb to April",2047,4.19512841521031
"Bottom","no","ssp585","Mean temp Feb to April",2048,4.59925400325518
"Bottom","no","ssp585","Mean temp Feb to April",2049,5.92760082485903
"Bottom","no","ssp585","Mean temp Feb to April",2050,5.81324926027046
"Bottom","no","ssp585","Mean temp Feb to April",2051,5.10396127671538
"Bottom","no","ssp585","Mean temp Feb to April",2052,4.90341711018913
"Bottom","no","ssp585","Mean temp Feb to April",2053,5.57188358795051
"Bottom","no","ssp585","Mean temp Feb to April",2054,5.98482205644576
"Bottom","no","ssp585","Mean temp Feb to April",2055,5.76763292777998
"Bottom","no","ssp585","Mean temp Feb to April",2056,4.85996450692575
"Bottom","no","ssp585","Mean temp Feb to April",2057,5.63418375472494
"Bottom","no","ssp585","Mean temp Feb to April",2058,4.55935159198826
"Bottom","no","ssp585","Mean temp Feb to April",2059,6.25524255278788
"Bottom","no","ssp585","Mean temp Feb to April",2060,4.90531476499144
"Bottom","no","ssp585","Mean temp Feb to April",2061,6.71527730310766
"Bottom","no","ssp585","Mean temp Feb to April",2062,5.76430489022154
"Bottom","no","ssp585","Mean temp Feb to April",2063,5.73202748507884
"Bottom","no","ssp585","Mean temp Feb to April",2064,5.75983818096612
"Bottom","no","ssp585","Mean temp Feb to April",2065,6.84614070749622
"Bottom","no","ssp585","Mean temp Feb to April",2066,6.27694527201475
"Bottom","no","ssp585","Mean temp Feb to April",2067,7.17993626092454
"Bottom","no","ssp585","Mean temp Feb to April",2068,6.94236467094953
"Bottom","no","ssp585","Mean temp Feb to April",2069,5.61857069172381
"Bottom","no","ssp585","Mean temp Feb to April",2070,7.81125253353975
"Bottom","no","ssp585","Mean temp Feb to April",2071,6.67595798007941
"Bottom","no","ssp585","Mean temp Feb to April",2072,5.82856415440115
"Bottom","no","ssp585","Mean temp Feb to April",2073,7.25708071194118
"Bottom","no","ssp585","Mean temp Feb to April",2074,7.83611193020423
"Bottom","no","ssp585","Mean temp Feb to April",2075,7.55388533035309
"Bottom","no","ssp585","Mean temp Feb to April",2076,6.17520529789254
"Bottom","no","ssp585","Mean temp Feb to April",2077,5.88533266026537
"Bottom","no","ssp585","Mean temp Feb to April",2078,6.74702057919426
"Bottom","no","ssp585","Mean temp Feb to April",2079,6.7846302097925
"Bottom","no","ssp585","Mean temp Feb to April",2080,7.29602756460953
"Bottom","no","ssp585","Mean temp Feb to April",2081,6.87866860601485
"Bottom","no","ssp585","Mean temp Feb to April",2082,6.99367966564747
"Bottom","no","ssp585","Mean temp Feb to April",2083,6.99574655559879
"Bottom","no","ssp585","Mean temp Feb to April",2084,5.5030844622846
"Bottom","no","ssp585","Mean temp Feb to April",2085,6.25948788216129
"Bottom","no","ssp585","Mean temp Feb to April",2086,7.88138215011468
"Bottom","no","ssp585","Mean temp Feb to April",2087,7.18109443132296
"Bottom","no","ssp585","Mean temp Feb to April",2088,7.11886852344932
"Bottom","no","ssp585","Mean temp Feb to April",2089,7.45792428066916
"Bottom","no","ssp585","Mean temp Feb to April",2090,7.42487017585641
"Bottom","no","ssp585","Mean temp Feb to April",2091,8.00763899565296
"Bottom","no","ssp585","Mean temp Feb to April",2092,8.42048544604841
"Bottom","no","ssp585","Mean temp Feb to April",2093,8.19377381866774
"Bottom","no","ssp585","Mean temp Feb to April",2094,7.83484332852655
"Bottom","no","ssp585","Mean temp Feb to April",2095,6.8472159039933
"Bottom","no","ssp585","Mean temp Feb to April",2096,7.0268744675347
"Bottom","no","ssp585","Mean temp Feb to April",2097,4.62336656440641
"Bottom","no","ssp585","Mean temp Feb to April",2098,5.93640173767426
"Bottom","no","ssp585","Mean temp Feb to April",2099,7.99759915045063
"Bottom","yes","ssp585","Mean temp Feb to April",1980,4.1209984321891
"Bottom","yes","ssp585","Mean temp Feb to April",1981,3.43723874258903
"Bottom","yes","ssp585","Mean temp Feb to April",1982,4.39060004169268
"Bottom","yes","ssp585","Mean temp Feb to April",1983,4.08724286199123
"Bottom","yes","ssp585","Mean temp Feb to April",1984,4.14297453019555
"Bottom","yes","ssp585","Mean temp Feb to April",1985,3.58351606640016
"Bottom","yes","ssp585","Mean temp Feb to April",1986,3.9152824058417
"Bottom","yes","ssp585","Mean temp Feb to April",1987,3.82123892752303
"Bottom","yes","ssp585","Mean temp Feb to April",1988,2.96612836361668
"Bottom","yes","ssp585","Mean temp Feb to April",1989,4.1129177823488
"Bottom","yes","ssp585","Mean temp Feb to April",1990,2.4878686406643
"Bottom","yes","ssp585","Mean temp Feb to April",1991,3.12916529413684
"Bottom","yes","ssp585","Mean temp Feb to April",1992,3.86529210245651
"Bottom","yes","ssp585","Mean temp Feb to April",1993,3.66171537694808
"Bottom","yes","ssp585","Mean temp Feb to April",1994,3.76950240911288
"Bottom","yes","ssp585","Mean temp Feb to April",1995,3.35656103188593
"Bottom","yes","ssp585","Mean temp Feb to April",1996,3.92291336582451
"Bottom","yes","ssp585","Mean temp Feb to April",1997,3.85739942997014
"Bottom","yes","ssp585","Mean temp Feb to April",1998,4.90563164784032
"Bottom","yes","ssp585","Mean temp Feb to April",1999,3.42642075458686
"Bottom","yes","ssp585","Mean temp Feb to April",2000,3.81845401353792
"Bottom","yes","ssp585","Mean temp Feb to April",2001,4.95214785651549
"Bottom","yes","ssp585","Mean temp Feb to April",2002,4.01095171748365
"Bottom","yes","ssp585","Mean temp Feb to April",2003,5.573423692689
"Bottom","yes","ssp585","Mean temp Feb to April",2004,4.32282279602999
"Bottom","yes","ssp585","Mean temp Feb to April",2005,4.77387465200423
"Bottom","yes","ssp585","Mean temp Feb to April",2006,4.13074931304868
"Bottom","yes","ssp585","Mean temp Feb to April",2007,3.20621818356875
"Bottom","yes","ssp585","Mean temp Feb to April",2008,3.57241804281511
"Bottom","yes","ssp585","Mean temp Feb to April",2009,3.53446667727047
"Bottom","yes","ssp585","Mean temp Feb to April",2010,4.58115578560527
"Bottom","yes","ssp585","Mean temp Feb to April",2011,3.77438706104134
"Bottom","yes","ssp585","Mean temp Feb to April",2012,3.11784179356669
"Bottom","yes","ssp585","Mean temp Feb to April",2013,4.25467765984948
"Bottom","yes","ssp585","Mean temp Feb to April",2014,4.94425674066355
"Bottom","yes","ssp585","Mean temp Feb to April",2015,5.85654645029415
"Bottom","yes","ssp585","Mean temp Feb to April",2016,6.04712113089941
"Bottom","yes","ssp585","Mean temp Feb to April",2017,4.61427153746352
"Bottom","yes","ssp585","Mean temp Feb to April",2018,5.0589071972679
"Bottom","yes","ssp585","Mean temp Feb to April",2019,5.89084473448796
"Bottom","yes","ssp585","Mean temp Feb to April",2020,4.1740560818724
"Bottom","yes","ssp585","Mean temp Feb to April",2021,3.4056935082576
"Bottom","yes","ssp585","Mean temp Feb to April",2022,4.91118435458858
"Bottom","yes","ssp585","Mean temp Feb to April",2023,3.27525643760981
"Bottom","yes","ssp585","Mean temp Feb to April",2024,2.39882815163052
"Bottom","yes","ssp585","Mean temp Feb to April",2025,4.17462958087489
"Bottom","yes","ssp585","Mean temp Feb to April",2026,5.12410435467928
"Bottom","yes","ssp585","Mean temp Feb to April",2027,3.94897871427059
"Bottom","yes","ssp585","Mean temp Feb to April",2028,5.53257671566524
"Bottom","yes","ssp585","Mean temp Feb to April",2029,4.78136858999453
"Bottom","yes","ssp585","Mean temp Feb to April",2030,4.61686033056667
"Bottom","yes","ssp585","Mean temp Feb to April",2031,5.18459416485032
"Bottom","yes","ssp585","Mean temp Feb to April",2032,6.01526992727508
"Bottom","yes","ssp585","Mean temp Feb to April",2033,5.35369267603264
"Bottom","yes","ssp585","Mean temp Feb to April",2034,3.74884757162415
"Bottom","yes","ssp585","Mean temp Feb to April",2035,3.18387221962366
"Bottom","yes","ssp585","Mean temp Feb to April",2036,4.99560157945794
"Bottom","yes","ssp585","Mean temp Feb to April",2037,5.61996588305286
"Bottom","yes","ssp585","Mean temp Feb to April",2038,6.31580858925319
"Bottom","yes","ssp585","Mean temp Feb to April",2039,5.27889287704748
"Bottom","yes","ssp585","Mean temp Feb to April",2040,5.93777003895182
"Bottom","yes","ssp585","Mean temp Feb to April",2041,3.71286436389596
"Bottom","yes","ssp585","Mean temp Feb to April",2042,4.55064749255699
"Bottom","yes","ssp585","Mean temp Feb to April",2043,6.02231578599846
"Bottom","yes","ssp585","Mean temp Feb to April",2044,6.18105921193196
"Bottom","yes","ssp585","Mean temp Feb to April",2045,5.25286711352841
"Bottom","yes","ssp585","Mean temp Feb to April",2046,4.27972703458404
"Bottom","yes","ssp585","Mean temp Feb to April",2047,4.19512841521031
"Bottom","yes","ssp585","Mean temp Feb to April",2048,4.59925400325518
"Bottom","yes","ssp585","Mean temp Feb to April",2049,5.92760082485903
"Bottom","yes","ssp585","Mean temp Feb to April",2050,5.81324926027046
"Bottom","yes","ssp585","Mean temp Feb to April",2051,5.10396127671538
"Bottom","yes","ssp585","Mean temp Feb to April",2052,4.90341711018913
"Bottom","yes","ssp585","Mean temp Feb to April",2053,5.57188358795051
"Bottom","yes","ssp585","Mean temp Feb to April",2054,5.98482205644576
"Bottom","yes","ssp585","Mean temp Feb to April",2055,5.76763292777998
"Bottom","yes","ssp585","Mean temp Feb to April",2056,4.85996450692575
"Bottom","yes","ssp585","Mean temp Feb to April",2057,5.63418375472494
"Bottom","yes","ssp585","Mean temp Feb to April",2058,4.55935159198826
"Bottom","yes","ssp585","Mean temp Feb to April",2059,6.25524255278788
"Bottom","yes","ssp585","Mean temp Feb to April",2060,4.90531476499144
"Bottom","yes","ssp585","Mean temp Feb to April",2061,6.71527730310766
"Bottom","yes","ssp585","Mean temp Feb to April",2062,5.76430489022154
"Bottom","yes","ssp585","Mean temp Feb to April",2063,5.73202748507884
"Bottom","yes","ssp585","Mean temp Feb to April",2064,5.75983818096612
"Bottom","yes","ssp585","Mean temp Feb to April",2065,6.84614070749622
"Bottom","yes","ssp585","Mean temp Feb to April",2066,6.27694527201475
"Bottom","yes","ssp585","Mean temp Feb to April",2067,7.17993626092454
"Bottom","yes","ssp585","Mean temp Feb to April",2068,6.94236467094953
"Bottom","yes","ssp585","Mean temp Feb to April",2069,5.61857069172381
"Bottom","yes","ssp585","Mean temp Feb to April",2070,7.81125253353975
"Bottom","yes","ssp585","Mean temp Feb to April",2071,6.67595798007941
"Bottom","yes","ssp585","Mean temp Feb to April",2072,5.82856415440115
"Bottom","yes","ssp585","Mean temp Feb to April",2073,7.25708071194118
"Bottom","yes","ssp585","Mean temp Feb to April",2074,7.83611193020423
"Bottom","yes","ssp585","Mean temp Feb to April",2075,7.55388533035309
"Bottom","yes","ssp585","Mean temp Feb to April",2076,6.17520529789254
"Bottom","yes","ssp585","Mean temp Feb to April",2077,5.88533266026537
"Bottom","yes","ssp585","Mean temp Feb to April",2078,6.74702057919426
"Bottom","yes","ssp585","Mean temp Feb to April",2079,6.7846302097925
"Bottom","yes","ssp585","Mean temp Feb to April",2080,7.29602756460953
"Bottom","yes","ssp585","Mean temp Feb to April",2081,6.87866860601485
"Bottom","yes","ssp585","Mean temp Feb to April",2082,6.99367966564747
"Bottom","yes","ssp585","Mean temp Feb to April",2083,6.99574655559879
"Bottom","yes","ssp585","Mean temp Feb to April",2084,5.5030844622846
"Bottom","yes","ssp585","Mean temp Feb to April",2085,6.25948788216129
"Bottom","yes","ssp585","Mean temp Feb to April",2086,7.88138215011468
"Bottom","yes","ssp585","Mean temp Feb to April",2087,7.18109443132296
"Bottom","yes","ssp585","Mean temp Feb to April",2088,7.11886852344932
"Bottom","yes","ssp585","Mean temp Feb to April",2089,7.45792428066916
"Bottom","yes","ssp585","Mean temp Feb to April",2090,7.42487017585641
"Bottom","yes","ssp585","Mean temp Feb to April",2091,8.00763899565296
"Bottom","yes","ssp585","Mean temp Feb to April",2092,8.42048544604841
"Bottom","yes","ssp585","Mean temp Feb to April",2093,8.19377381866774
"Bottom","yes","ssp585","Mean temp Feb to April",2094,7.83484332852655
"Bottom","yes","ssp585","Mean temp Feb to April",2095,6.8472159039933
"Bottom","yes","ssp585","Mean temp Feb to April",2096,7.0268744675347
"Bottom","yes","ssp585","Mean temp Feb to April",2097,4.62336656440641
"Bottom","yes","ssp585","Mean temp Feb to April",2098,5.93640173767426
"Bottom","yes","ssp585","Mean temp Feb to April",2099,7.99759915045063
"Surface","no","ssp126","Mean temp Feb to April",1980,3.74569356606013
"Surface","no","ssp126","Mean temp Feb to April",1981,3.09872795116064
"Surface","no","ssp126","Mean temp Feb to April",1982,4.25399480036012
"Surface","no","ssp126","Mean temp Feb to April",1983,3.93692375542565
"Surface","no","ssp126","Mean temp Feb to April",1984,3.7708314331652
"Surface","no","ssp126","Mean temp Feb to April",1985,2.92561298615514
"Surface","no","ssp126","Mean temp Feb to April",1986,3.65965924974528
"Surface","no","ssp126","Mean temp Feb to April",1987,3.65083026574509
"Surface","no","ssp126","Mean temp Feb to April",1988,2.71733640961372
"Surface","no","ssp126","Mean temp Feb to April",1989,3.83815028698734
"Surface","no","ssp126","Mean temp Feb to April",1990,2.47461494312479
"Surface","no","ssp126","Mean temp Feb to April",1991,3.02822325528573
"Surface","no","ssp126","Mean temp Feb to April",1992,3.17480042338518
"Surface","no","ssp126","Mean temp Feb to April",1993,1.87576573326903
"Surface","no","ssp126","Mean temp Feb to April",1994,3.26994927670928
"Surface","no","ssp126","Mean temp Feb to April",1995,2.92103499676903
"Surface","no","ssp126","Mean temp Feb to April",1996,2.39700077793338
"Surface","no","ssp126","Mean temp Feb to April",1997,2.74921184740244
"Surface","no","ssp126","Mean temp Feb to April",1998,4.68242657959695
"Surface","no","ssp126","Mean temp Feb to April",1999,2.86182486253115
"Surface","no","ssp126","Mean temp Feb to April",2000,4.73460290728579
"Surface","no","ssp126","Mean temp Feb to April",2001,4.0649101671638
"Surface","no","ssp126","Mean temp Feb to April",2002,4.96879567117491
"Surface","no","ssp126","Mean temp Feb to April",2003,4.16259022132707
"Surface","no","ssp126","Mean temp Feb to April",2004,5.01281750328457
"Surface","no","ssp126","Mean temp Feb to April",2005,3.96959322534501
"Surface","no","ssp126","Mean temp Feb to April",2006,3.69363433933783
"Surface","no","ssp126","Mean temp Feb to April",2007,3.17824854811641
"Surface","no","ssp126","Mean temp Feb to April",2008,2.53570505045165
"Surface","no","ssp126","Mean temp Feb to April",2009,4.05463411124295
"Surface","no","ssp126","Mean temp Feb to April",2010,4.22279951700114
"Surface","no","ssp126","Mean temp Feb to April",2011,4.48265405572975
"Surface","no","ssp126","Mean temp Feb to April",2012,4.58057498904999
"Surface","no","ssp126","Mean temp Feb to April",2013,4.45349027068272
"Surface","no","ssp126","Mean temp Feb to April",2014,3.12643006104843
"Surface","no","ssp126","Mean temp Feb to April",2015,2.0233182693754
"Surface","no","ssp126","Mean temp Feb to April",2016,2.46981856895088
"Surface","no","ssp126","Mean temp Feb to April",2017,5.82712038951202
"Surface","no","ssp126","Mean temp Feb to April",2018,2.87447524396295
"Surface","no","ssp126","Mean temp Feb to April",2019,3.66685346996914
"Surface","no","ssp126","Mean temp Feb to April",2020,4.12635157935468
"Surface","no","ssp126","Mean temp Feb to April",2021,4.87616026654572
"Surface","no","ssp126","Mean temp Feb to April",2022,3.15925833642314
"Surface","no","ssp126","Mean temp Feb to April",2023,1.9072428387401
"Surface","no","ssp126","Mean temp Feb to April",2024,2.40933654771661
"Surface","no","ssp126","Mean temp Feb to April",2025,3.39631767254822
"Surface","no","ssp126","Mean temp Feb to April",2026,5.74583826007321
"Surface","no","ssp126","Mean temp Feb to April",2027,4.97928564983595
"Surface","no","ssp126","Mean temp Feb to April",2028,3.9217461263504
"Surface","no","ssp126","Mean temp Feb to April",2029,5.16447764405133
"Surface","no","ssp126","Mean temp Feb to April",2030,5.47445521043732
"Surface","no","ssp126","Mean temp Feb to April",2031,5.94494020695292
"Surface","no","ssp126","Mean temp Feb to April",2032,3.73082713093106
"Surface","no","ssp126","Mean temp Feb to April",2033,4.70220085331617
"Surface","no","ssp126","Mean temp Feb to April",2034,4.00756020093952
"Surface","no","ssp126","Mean temp Feb to April",2035,4.39492388986598
"Surface","no","ssp126","Mean temp Feb to April",2036,3.93449218190909
"Surface","no","ssp126","Mean temp Feb to April",2037,4.99177800006636
"Surface","no","ssp126","Mean temp Feb to April",2038,5.08468766676676
"Surface","no","ssp126","Mean temp Feb to April",2039,4.84827677224815
"Surface","no","ssp126","Mean temp Feb to April",2040,4.44310077837249
"Surface","no","ssp126","Mean temp Feb to April",2041,5.3648784824828
"Surface","no","ssp126","Mean temp Feb to April",2042,6.15353606132161
"Surface","no","ssp126","Mean temp Feb to April",2043,5.7637308330799
"Surface","no","ssp126","Mean temp Feb to April",2044,3.5025290520985
"Surface","no","ssp126","Mean temp Feb to April",2045,4.96840538874867
"Surface","no","ssp126","Mean temp Feb to April",2046,5.66655558839028
"Surface","no","ssp126","Mean temp Feb to April",2047,5.43675752450255
"Surface","no","ssp126","Mean temp Feb to April",2048,4.76814146115817
"Surface","no","ssp126","Mean temp Feb to April",2049,4.70361643335671
"Surface","no","ssp126","Mean temp Feb to April",2050,5.3306003316382
"Surface","no","ssp126","Mean temp Feb to April",2051,4.45788553721716
"Surface","no","ssp126","Mean temp Feb to April",2052,6.21539796377784
"Surface","no","ssp126","Mean temp Feb to April",2053,4.91495993812416
"Surface","no","ssp126","Mean temp Feb to April",2054,4.40414376317664
"Surface","no","ssp126","Mean temp Feb to April",2055,5.5755508046496
"Surface","no","ssp126","Mean temp Feb to April",2056,5.644660060159
"Surface","no","ssp126","Mean temp Feb to April",2057,4.38204729451606
"Surface","no","ssp126","Mean temp Feb to April",2058,4.993795697591
"Surface","no","ssp126","Mean temp Feb to April",2059,5.49037137524442
"Surface","no","ssp126","Mean temp Feb to April",2060,4.46139208036708
"Surface","no","ssp126","Mean temp Feb to April",2061,5.90777489727013
"Surface","no","ssp126","Mean temp Feb to April",2062,5.35533405583348
"Surface","no","ssp126","Mean temp Feb to April",2063,4.36859985655127
"Surface","no","ssp126","Mean temp Feb to April",2064,4.27490455022193
"Surface","no","ssp126","Mean temp Feb to April",2065,4.28393097781899
"Surface","no","ssp126","Mean temp Feb to April",2066,4.83027721268092
"Surface","no","ssp126","Mean temp Feb to April",2067,5.22921849938584
"Surface","no","ssp126","Mean temp Feb to April",2068,5.03369731324892
"Surface","no","ssp126","Mean temp Feb to April",2069,4.63328285604361
"Surface","no","ssp126","Mean temp Feb to April",2070,5.21058747920941
"Surface","no","ssp126","Mean temp Feb to April",2071,3.52204317132394
"Surface","no","ssp126","Mean temp Feb to April",2072,5.46461835169041
"Surface","no","ssp126","Mean temp Feb to April",2073,4.60727232939094
"Surface","no","ssp126","Mean temp Feb to April",2074,5.95141484710167
"Surface","no","ssp126","Mean temp Feb to April",2075,5.6050320656873
"Surface","no","ssp126","Mean temp Feb to April",2076,4.06472438869554
"Surface","no","ssp126","Mean temp Feb to April",2077,4.16560350942823
"Surface","no","ssp126","Mean temp Feb to April",2078,4.53601696015453
"Surface","no","ssp126","Mean temp Feb to April",2079,4.32600402497913
"Surface","no","ssp126","Mean temp Feb to April",2080,5.27007241961963
"Surface","no","ssp126","Mean temp Feb to April",2081,4.63818464990664
"Surface","no","ssp126","Mean temp Feb to April",2082,6.07884047381315
"Surface","no","ssp126","Mean temp Feb to April",2083,6.21165742784867
"Surface","no","ssp126","Mean temp Feb to April",2084,4.01286641314399
"Surface","no","ssp126","Mean temp Feb to April",2085,3.25783249935291
"Surface","no","ssp126","Mean temp Feb to April",2086,4.09491816518084
"Surface","no","ssp126","Mean temp Feb to April",2087,4.71238255348437
"Surface","no","ssp126","Mean temp Feb to April",2088,4.70419582859678
"Surface","no","ssp126","Mean temp Feb to April",2089,5.27934475077575
"Surface","no","ssp126","Mean temp Feb to April",2090,5.52286413704429
"Surface","no","ssp126","Mean temp Feb to April",2091,4.44011070881432
"Surface","no","ssp126","Mean temp Feb to April",2092,4.8444766772875
"Surface","no","ssp126","Mean temp Feb to April",2093,6.18324929558523
"Surface","no","ssp126","Mean temp Feb to April",2094,5.51186953499061
"Surface","no","ssp126","Mean temp Feb to April",2095,4.83382902019251
"Surface","no","ssp126","Mean temp Feb to April",2096,4.40844853584472
"Surface","no","ssp126","Mean temp Feb to April",2097,6.02627746585989
"Surface","no","ssp126","Mean temp Feb to April",2098,5.87067509114154
"Surface","no","ssp126","Mean temp Feb to April",2099,5.29680588127861
"Surface","yes","ssp126","Mean temp Feb to April",1980,3.74569356606013
"Surface","yes","ssp126","Mean temp Feb to April",1981,3.09872795116064
"Surface","yes","ssp126","Mean temp Feb to April",1982,4.25399480036012
"Surface","yes","ssp126","Mean temp Feb to April",1983,3.93692375542565
"Surface","yes","ssp126","Mean temp Feb to April",1984,3.7708314331652
"Surface","yes","ssp126","Mean temp Feb to April",1985,2.92561298615514
"Surface","yes","ssp126","Mean temp Feb to April",1986,3.65965924974528
"Surface","yes","ssp126","Mean temp Feb to April",1987,3.65083026574509
"Surface","yes","ssp126","Mean temp Feb to April",1988,2.71733640961372
"Surface","yes","ssp126","Mean temp Feb to April",1989,3.83815028698734
"Surface","yes","ssp126","Mean temp Feb to April",1990,2.31667888709103
"Surface","yes","ssp126","Mean temp Feb to April",1991,3.01396818419328
"Surface","yes","ssp126","Mean temp Feb to April",1992,3.82296072204449
"Surface","yes","ssp126","Mean temp Feb to April",1993,3.66538416684828
"Surface","yes","ssp126","Mean temp Feb to April",1994,3.74744665229485
"Surface","yes","ssp126","Mean temp Feb to April",1995,3.34543554085211
"Surface","yes","ssp126","Mean temp Feb to April",1996,3.87553559865746
"Surface","yes","ssp126","Mean temp Feb to April",1997,3.86700732447039
"Surface","yes","ssp126","Mean temp Feb to April",1998,4.8937298979656
"Surface","yes","ssp126","Mean temp Feb to April",1999,3.34071290120112
"Surface","yes","ssp126","Mean temp Feb to April",2000,3.79783618270673
"Surface","yes","ssp126","Mean temp Feb to April",2001,4.82721798331012
"Surface","yes","ssp126","Mean temp Feb to April",2002,3.89904198364881
"Surface","yes","ssp126","Mean temp Feb to April",2003,5.49294644987129
"Surface","yes","ssp126","Mean temp Feb to April",2004,4.2882733993743
"Surface","yes","ssp126","Mean temp Feb to April",2005,4.71243978665567
"Surface","yes","ssp126","Mean temp Feb to April",2006,4.00806244727736
"Surface","yes","ssp126","Mean temp Feb to April",2007,3.1532113919778
"Surface","yes","ssp126","Mean temp Feb to April",2008,3.47723843288759
"Surface","yes","ssp126","Mean temp Feb to April",2009,3.32764897217623
"Surface","yes","ssp126","Mean temp Feb to April",2010,4.51106387867097
"Surface","yes","ssp126","Mean temp Feb to April",2011,3.71235335186803
"Surface","yes","ssp126","Mean temp Feb to April",2012,3.033189867682
"Surface","yes","ssp126","Mean temp Feb to April",2013,4.13009515328955
"Surface","yes","ssp126","Mean temp Feb to April",2014,4.8708613568456
"Surface","yes","ssp126","Mean temp Feb to April",2015,5.85409053259538
"Surface","yes","ssp126","Mean temp Feb to April",2016,6.10459645208519
"Surface","yes","ssp126","Mean temp Feb to April",2017,4.58825910618573
"Surface","yes","ssp126","Mean temp Feb to April",2018,4.99999625289194
"Surface","yes","ssp126","Mean temp Feb to April",2019,5.79979840054996
"Surface","yes","ssp126","Mean temp Feb to April",2020,4.14963054320634
"Surface","yes","ssp126","Mean temp Feb to April",2021,4.87616026654572
"Surface","yes","ssp126","Mean temp Feb to April",2022,3.15925833642314
"Surface","yes","ssp126","Mean temp Feb to April",2023,1.9072428387401
"Surface","yes","ssp126","Mean temp Feb to April",2024,2.40933654771661
"Surface","yes","ssp126","Mean temp Feb to April",2025,3.39631767254822
"Surface","yes","ssp126","Mean temp Feb to April",2026,5.74583826007321
"Surface","yes","ssp126","Mean temp Feb to April",2027,4.97928564983595
"Surface","yes","ssp126","Mean temp Feb to April",2028,3.9217461263504
"Surface","yes","ssp126","Mean temp Feb to April",2029,5.16447764405133
"Surface","yes","ssp126","Mean temp Feb to April",2030,5.47445521043732
"Surface","yes","ssp126","Mean temp Feb to April",2031,5.94494020695292
"Surface","yes","ssp126","Mean temp Feb to April",2032,3.73082713093106
"Surface","yes","ssp126","Mean temp Feb to April",2033,4.70220085331617
"Surface","yes","ssp126","Mean temp Feb to April",2034,4.00756020093952
"Surface","yes","ssp126","Mean temp Feb to April",2035,4.39492388986598
"Surface","yes","ssp126","Mean temp Feb to April",2036,3.93449218190909
"Surface","yes","ssp126","Mean temp Feb to April",2037,4.99177800006636
"Surface","yes","ssp126","Mean temp Feb to April",2038,5.08468766676676
"Surface","yes","ssp126","Mean temp Feb to April",2039,4.84827677224815
"Surface","yes","ssp126","Mean temp Feb to April",2040,4.44310077837249
"Surface","yes","ssp126","Mean temp Feb to April",2041,5.3648784824828
"Surface","yes","ssp126","Mean temp Feb to April",2042,6.15353606132161
"Surface","yes","ssp126","Mean temp Feb to April",2043,5.7637308330799
"Surface","yes","ssp126","Mean temp Feb to April",2044,3.5025290520985
"Surface","yes","ssp126","Mean temp Feb to April",2045,4.96840538874867
"Surface","yes","ssp126","Mean temp Feb to April",2046,5.66655558839028
"Surface","yes","ssp126","Mean temp Feb to April",2047,5.43675752450255
"Surface","yes","ssp126","Mean temp Feb to April",2048,4.76814146115817
"Surface","yes","ssp126","Mean temp Feb to April",2049,4.70361643335671
"Surface","yes","ssp126","Mean temp Feb to April",2050,5.3306003316382
"Surface","yes","ssp126","Mean temp Feb to April",2051,4.45788553721716
"Surface","yes","ssp126","Mean temp Feb to April",2052,6.21539796377784
"Surface","yes","ssp126","Mean temp Feb to April",2053,4.91495993812416
"Surface","yes","ssp126","Mean temp Feb to April",2054,4.40414376317664
"Surface","yes","ssp126","Mean temp Feb to April",2055,5.5755508046496
"Surface","yes","ssp126","Mean temp Feb to April",2056,5.644660060159
"Surface","yes","ssp126","Mean temp Feb to April",2057,4.38204729451606
"Surface","yes","ssp126","Mean temp Feb to April",2058,4.993795697591
"Surface","yes","ssp126","Mean temp Feb to April",2059,5.49037137524442
"Surface","yes","ssp126","Mean temp Feb to April",2060,4.46139208036708
"Surface","yes","ssp126","Mean temp Feb to April",2061,5.90777489727013
"Surface","yes","ssp126","Mean temp Feb to April",2062,5.35533405583348
"Surface","yes","ssp126","Mean temp Feb to April",2063,4.36859985655127
"Surface","yes","ssp126","Mean temp Feb to April",2064,4.27490455022193
"Surface","yes","ssp126","Mean temp Feb to April",2065,4.28393097781899
"Surface","yes","ssp126","Mean temp Feb to April",2066,4.83027721268092
"Surface","yes","ssp126","Mean temp Feb to April",2067,5.22921849938584
"Surface","yes","ssp126","Mean temp Feb to April",2068,5.03369731324892
"Surface","yes","ssp126","Mean temp Feb to April",2069,4.63328285604361
"Surface","yes","ssp126","Mean temp Feb to April",2070,5.21058747920941
"Surface","yes","ssp126","Mean temp Feb to April",2071,3.52204317132394
"Surface","yes","ssp126","Mean temp Feb to April",2072,5.46461835169041
"Surface","yes","ssp126","Mean temp Feb to April",2073,4.60727232939094
"Surface","yes","ssp126","Mean temp Feb to April",2074,5.95141484710167
"Surface","yes","ssp126","Mean temp Feb to April",2075,5.6050320656873
"Surface","yes","ssp126","Mean temp Feb to April",2076,4.06472438869554
"Surface","yes","ssp126","Mean temp Feb to April",2077,4.16560350942823
"Surface","yes","ssp126","Mean temp Feb to April",2078,4.53601696015453
"Surface","yes","ssp126","Mean temp Feb to April",2079,4.32600402497913
"Surface","yes","ssp126","Mean temp Feb to April",2080,5.27007241961963
"Surface","yes","ssp126","Mean temp Feb to April",2081,4.63818464990664
"Surface","yes","ssp126","Mean temp Feb to April",2082,6.07884047381315
"Surface","yes","ssp126","Mean temp Feb to April",2083,6.21165742784867
"Surface","yes","ssp126","Mean temp Feb to April",2084,4.01286641314399
"Surface","yes","ssp126","Mean temp Feb to April",2085,3.25783249935291
"Surface","yes","ssp126","Mean temp Feb to April",2086,4.09491816518084
"Surface","yes","ssp126","Mean temp Feb to April",2087,4.71238255348437
"Surface","yes","ssp126","Mean temp Feb to April",2088,4.70419582859678
"Surface","yes","ssp126","Mean temp Feb to April",2089,5.27934475077575
"Surface","yes","ssp126","Mean temp Feb to April",2090,5.52286413704429
"Surface","yes","ssp126","Mean temp Feb to April",2091,4.44011070881432
"Surface","yes","ssp126","Mean temp Feb to April",2092,4.8444766772875
"Surface","yes","ssp126","Mean temp Feb to April",2093,6.18324929558523
"Surface","yes","ssp126","Mean temp Feb to April",2094,5.51186953499061
"Surface","yes","ssp126","Mean temp Feb to April",2095,4.83382902019251
"Surface","yes","ssp126","Mean temp Feb to April",2096,4.40844853584472
"Surface","yes","ssp126","Mean temp Feb to April",2097,6.02627746585989
"Surface","yes","ssp126","Mean temp Feb to April",2098,5.87067509114154
"Surface","yes","ssp126","Mean temp Feb to April",2099,5.29680588127861
"Surface","no","ssp585","Mean temp Feb to April",1980,3.74569356606013
"Surface","no","ssp585","Mean temp Feb to April",1981,3.09872795116064
"Surface","no","ssp585","Mean temp Feb to April",1982,4.25399480036012
"Surface","no","ssp585","Mean temp Feb to April",1983,3.93692375542565
"Surface","no","ssp585","Mean temp Feb to April",1984,3.7708314331652
"Surface","no","ssp585","Mean temp Feb to April",1985,2.92561298615514
"Surface","no","ssp585","Mean temp Feb to April",1986,3.65965924974528
"Surface","no","ssp585","Mean temp Feb to April",1987,3.65083026574509
"Surface","no","ssp585","Mean temp Feb to April",1988,2.71733640961372
"Surface","no","ssp585","Mean temp Feb to April",1989,3.83815028698734
"Surface","no","ssp585","Mean temp Feb to April",1990,2.47461494312479
"Surface","no","ssp585","Mean temp Feb to April",1991,3.02822325528573
"Surface","no","ssp585","Mean temp Feb to April",1992,3.17480042338518
"Surface","no","ssp585","Mean temp Feb to April",1993,1.87576573326903
"Surface","no","ssp585","Mean temp Feb to April",1994,3.26994927670928
"Surface","no","ssp585","Mean temp Feb to April",1995,2.92103499676903
"Surface","no","ssp585","Mean temp Feb to April",1996,2.39700077793338
"Surface","no","ssp585","Mean temp Feb to April",1997,2.74921184740244
"Surface","no","ssp585","Mean temp Feb to April",1998,4.68242657959695
"Surface","no","ssp585","Mean temp Feb to April",1999,2.86182486253115
"Surface","no","ssp585","Mean temp Feb to April",2000,4.73460290728579
"Surface","no","ssp585","Mean temp Feb to April",2001,4.0649101671638
"Surface","no","ssp585","Mean temp Feb to April",2002,4.96879567117491
"Surface","no","ssp585","Mean temp Feb to April",2003,4.16259022132707
"Surface","no","ssp585","Mean temp Feb to April",2004,5.01281750328457
"Surface","no","ssp585","Mean temp Feb to April",2005,3.96959322534501
"Surface","no","ssp585","Mean temp Feb to April",2006,3.69363433933783
"Surface","no","ssp585","Mean temp Feb to April",2007,3.17824854811641
"Surface","no","ssp585","Mean temp Feb to April",2008,2.53570505045165
"Surface","no","ssp585","Mean temp Feb to April",2009,4.05463411124295
"Surface","no","ssp585","Mean temp Feb to April",2010,4.22279951700114
"Surface","no","ssp585","Mean temp Feb to April",2011,4.48265405572975
"Surface","no","ssp585","Mean temp Feb to April",2012,4.58057498904999
"Surface","no","ssp585","Mean temp Feb to April",2013,4.45349027068272
"Surface","no","ssp585","Mean temp Feb to April",2014,3.12643006104843
"Surface","no","ssp585","Mean temp Feb to April",2015,2.93279992797455
"Surface","no","ssp585","Mean temp Feb to April",2016,3.55066187848662
"Surface","no","ssp585","Mean temp Feb to April",2017,4.62382362967793
"Surface","no","ssp585","Mean temp Feb to April",2018,4.36027263895261
"Surface","no","ssp585","Mean temp Feb to April",2019,5.14427024042529
"Surface","no","ssp585","Mean temp Feb to April",2020,3.75163894251806
"Surface","no","ssp585","Mean temp Feb to April",2021,3.40165141612132
"Surface","no","ssp585","Mean temp Feb to April",2022,4.96550820660273
"Surface","no","ssp585","Mean temp Feb to April",2023,3.14602244194442
"Surface","no","ssp585","Mean temp Feb to April",2024,2.18787041977236
"Surface","no","ssp585","Mean temp Feb to April",2025,3.96702130152649
"Surface","no","ssp585","Mean temp Feb to April",2026,4.95487413975407
"Surface","no","ssp585","Mean temp Feb to April",2027,3.76468424846009
"Surface","no","ssp585","Mean temp Feb to April",2028,5.51363695972533
"Surface","no","ssp585","Mean temp Feb to April",2029,4.92617411276494
"Surface","no","ssp585","Mean temp Feb to April",2030,4.61540093873029
"Surface","no","ssp585","Mean temp Feb to April",2031,5.20473600782387
"Surface","no","ssp585","Mean temp Feb to April",2032,5.99643699952824
"Surface","no","ssp585","Mean temp Feb to April",2033,5.3963912258878
"Surface","no","ssp585","Mean temp Feb to April",2034,3.70232538391206
"Surface","no","ssp585","Mean temp Feb to April",2035,3.13695754520151
"Surface","no","ssp585","Mean temp Feb to April",2036,4.90334133694151
"Surface","no","ssp585","Mean temp Feb to April",2037,5.46174093594107
"Surface","no","ssp585","Mean temp Feb to April",2038,6.06386467984366
"Surface","no","ssp585","Mean temp Feb to April",2039,5.12563903385715
"Surface","no","ssp585","Mean temp Feb to April",2040,5.83738144761314
"Surface","no","ssp585","Mean temp Feb to April",2041,3.75704192020887
"Surface","no","ssp585","Mean temp Feb to April",2042,4.59272882129643
"Surface","no","ssp585","Mean temp Feb to April",2043,5.6706208323514
"Surface","no","ssp585","Mean temp Feb to April",2044,5.80283246344586
"Surface","no","ssp585","Mean temp Feb to April",2045,5.09775912973162
"Surface","no","ssp585","Mean temp Feb to April",2046,4.05999332480439
"Surface","no","ssp585","Mean temp Feb to April",2047,3.63833135815568
"Surface","no","ssp585","Mean temp Feb to April",2048,4.70703215250732
"Surface","no","ssp585","Mean temp Feb to April",2049,5.95042078526544
"Surface","no","ssp585","Mean temp Feb to April",2050,5.63144240000497
"Surface","no","ssp585","Mean temp Feb to April",2051,4.94238905398868
"Surface","no","ssp585","Mean temp Feb to April",2052,4.84843856827089
"Surface","no","ssp585","Mean temp Feb to April",2053,5.36954310484394
"Surface","no","ssp585","Mean temp Feb to April",2054,5.73358500813326
"Surface","no","ssp585","Mean temp Feb to April",2055,5.84371416907349
"Surface","no","ssp585","Mean temp Feb to April",2056,4.72781532863996
"Surface","no","ssp585","Mean temp Feb to April",2057,5.3533241939896
"Surface","no","ssp585","Mean temp Feb to April",2058,4.44404793849031
"Surface","no","ssp585","Mean temp Feb to April",2059,6.1305615565493
"Surface","no","ssp585","Mean temp Feb to April",2060,4.76663605556101
"Surface","no","ssp585","Mean temp Feb to April",2061,6.65442256152652
"Surface","no","ssp585","Mean temp Feb to April",2062,5.61289595313877
"Surface","no","ssp585","Mean temp Feb to April",2063,5.25074708819096
"Surface","no","ssp585","Mean temp Feb to April",2064,5.65380458337761
"Surface","no","ssp585","Mean temp Feb to April",2065,6.83404000712411
"Surface","no","ssp585","Mean temp Feb to April",2066,6.17730827521384
"Surface","no","ssp585","Mean temp Feb to April",2067,7.18286959153261
"Surface","no","ssp585","Mean temp Feb to April",2068,6.87286891105423
"Surface","no","ssp585","Mean temp Feb to April",2069,5.82723341133119
"Surface","no","ssp585","Mean temp Feb to April",2070,7.66511018304232
"Surface","no","ssp585","Mean temp Feb to April",2071,6.30251422751753
"Surface","no","ssp585","Mean temp Feb to April",2072,5.57369206042745
"Surface","no","ssp585","Mean temp Feb to April",2073,7.09320799158559
"Surface","no","ssp585","Mean temp Feb to April",2074,7.60405577812206
"Surface","no","ssp585","Mean temp Feb to April",2075,7.36771845056521
"Surface","no","ssp585","Mean temp Feb to April",2076,5.61851926439813
"Surface","no","ssp585","Mean temp Feb to April",2077,5.53112800798654
"Surface","no","ssp585","Mean temp Feb to April",2078,6.70551894931214
"Surface","no","ssp585","Mean temp Feb to April",2079,6.74236318565576
"Surface","no","ssp585","Mean temp Feb to April",2080,6.93584148436732
"Surface","no","ssp585","Mean temp Feb to April",2081,6.83667400339602
"Surface","no","ssp585","Mean temp Feb to April",2082,7.00925571469358
"Surface","no","ssp585","Mean temp Feb to April",2083,6.83524868251671
"Surface","no","ssp585","Mean temp Feb to April",2084,5.76164466118869
"Surface","no","ssp585","Mean temp Feb to April",2085,6.30223634069589
"Surface","no","ssp585","Mean temp Feb to April",2086,7.77050509949177
"Surface","no","ssp585","Mean temp Feb to April",2087,7.17309060508282
"Surface","no","ssp585","Mean temp Feb to April",2088,6.8684399858271
"Surface","no","ssp585","Mean temp Feb to April",2089,7.42364114150526
"Surface","no","ssp585","Mean temp Feb to April",2090,7.2422657757601
"Surface","no","ssp585","Mean temp Feb to April",2091,7.66739738984559
"Surface","no","ssp585","Mean temp Feb to April",2092,8.19564916246563
"Surface","no","ssp585","Mean temp Feb to April",2093,7.84629466901245
"Surface","no","ssp585","Mean temp Feb to April",2094,7.58745699332973
"Surface","no","ssp585","Mean temp Feb to April",2095,6.57389980370505
"Surface","no","ssp585","Mean temp Feb to April",2096,6.72948667484821
"Surface","no","ssp585","Mean temp Feb to April",2097,4.43600095125615
"Surface","no","ssp585","Mean temp Feb to April",2098,5.61528815093634
"Surface","no","ssp585","Mean temp Feb to April",2099,8.06059320292884
"Surface","yes","ssp585","Mean temp Feb to April",1980,3.74569356606013
"Surface","yes","ssp585","Mean temp Feb to April",1981,3.09872795116064
"Surface","yes","ssp585","Mean temp Feb to April",1982,4.25399480036012
"Surface","yes","ssp585","Mean temp Feb to April",1983,3.93692375542565
"Surface","yes","ssp585","Mean temp Feb to April",1984,3.7708314331652
"Surface","yes","ssp585","Mean temp Feb to April",1985,2.92561298615514
"Surface","yes","ssp585","Mean temp Feb to April",1986,3.65965924974528
"Surface","yes","ssp585","Mean temp Feb to April",1987,3.65083026574509
"Surface","yes","ssp585","Mean temp Feb to April",1988,2.71733640961372
"Surface","yes","ssp585","Mean temp Feb to April",1989,3.83815028698734
"Surface","yes","ssp585","Mean temp Feb to April",1990,2.31667888709103
"Surface","yes","ssp585","Mean temp Feb to April",1991,3.01396818419328
"Surface","yes","ssp585","Mean temp Feb to April",1992,3.82296072204449
"Surface","yes","ssp585","Mean temp Feb to April",1993,3.66538416684828
"Surface","yes","ssp585","Mean temp Feb to April",1994,3.74744665229485
"Surface","yes","ssp585","Mean temp Feb to April",1995,3.34543554085211
"Surface","yes","ssp585","Mean temp Feb to April",1996,3.87553559865746
"Surface","yes","ssp585","Mean temp Feb to April",1997,3.86700732447039
"Surface","yes","ssp585","Mean temp Feb to April",1998,4.8937298979656
"Surface","yes","ssp585","Mean temp Feb to April",1999,3.34071290120112
"Surface","yes","ssp585","Mean temp Feb to April",2000,3.79783618270673
"Surface","yes","ssp585","Mean temp Feb to April",2001,4.82721798331012
"Surface","yes","ssp585","Mean temp Feb to April",2002,3.89904198364881
"Surface","yes","ssp585","Mean temp Feb to April",2003,5.49294644987129
"Surface","yes","ssp585","Mean temp Feb to April",2004,4.2882733993743
"Surface","yes","ssp585","Mean temp Feb to April",2005,4.71243978665567
"Surface","yes","ssp585","Mean temp Feb to April",2006,4.00806244727736
"Surface","yes","ssp585","Mean temp Feb to April",2007,3.1532113919778
"Surface","yes","ssp585","Mean temp Feb to April",2008,3.47723843288759
"Surface","yes","ssp585","Mean temp Feb to April",2009,3.32764897217623
"Surface","yes","ssp585","Mean temp Feb to April",2010,4.51106387867097
"Surface","yes","ssp585","Mean temp Feb to April",2011,3.71235335186803
"Surface","yes","ssp585","Mean temp Feb to April",2012,3.033189867682
"Surface","yes","ssp585","Mean temp Feb to April",2013,4.13009515328955
"Surface","yes","ssp585","Mean temp Feb to April",2014,4.8708613568456
"Surface","yes","ssp585","Mean temp Feb to April",2015,5.85409053259538
"Surface","yes","ssp585","Mean temp Feb to April",2016,6.10459645208519
"Surface","yes","ssp585","Mean temp Feb to April",2017,4.58825910618573
"Surface","yes","ssp585","Mean temp Feb to April",2018,4.99999625289194
"Surface","yes","ssp585","Mean temp Feb to April",2019,5.79979840054996
"Surface","yes","ssp585","Mean temp Feb to April",2020,4.14963054320634
"Surface","yes","ssp585","Mean temp Feb to April",2021,3.40165141612132
"Surface","yes","ssp585","Mean temp Feb to April",2022,4.96550820660273
"Surface","yes","ssp585","Mean temp Feb to April",2023,3.14602244194442
"Surface","yes","ssp585","Mean temp Feb to April",2024,2.18787041977236
"Surface","yes","ssp585","Mean temp Feb to April",2025,3.96702130152649
"Surface","yes","ssp585","Mean temp Feb to April",2026,4.95487413975407
"Surface","yes","ssp585","Mean temp Feb to April",2027,3.76468424846009
"Surface","yes","ssp585","Mean temp Feb to April",2028,5.51363695972533
"Surface","yes","ssp585","Mean temp Feb to April",2029,4.92617411276494
"Surface","yes","ssp585","Mean temp Feb to April",2030,4.61540093873029
"Surface","yes","ssp585","Mean temp Feb to April",2031,5.20473600782387
"Surface","yes","ssp585","Mean temp Feb to April",2032,5.99643699952824
"Surface","yes","ssp585","Mean temp Feb to April",2033,5.3963912258878
"Surface","yes","ssp585","Mean temp Feb to April",2034,3.70232538391206
"Surface","yes","ssp585","Mean temp Feb to April",2035,3.13695754520151
"Surface","yes","ssp585","Mean temp Feb to April",2036,4.90334133694151
"Surface","yes","ssp585","Mean temp Feb to April",2037,5.46174093594107
"Surface","yes","ssp585","Mean temp Feb to April",2038,6.06386467984366
"Surface","yes","ssp585","Mean temp Feb to April",2039,5.12563903385715
"Surface","yes","ssp585","Mean temp Feb to April",2040,5.83738144761314
"Surface","yes","ssp585","Mean temp Feb to April",2041,3.75704192020887
"Surface","yes","ssp585","Mean temp Feb to April",2042,4.59272882129643
"Surface","yes","ssp585","Mean temp Feb to April",2043,5.6706208323514
"Surface","yes","ssp585","Mean temp Feb to April",2044,5.80283246344586
"Surface","yes","ssp585","Mean temp Feb to April",2045,5.09775912973162
"Surface","yes","ssp585","Mean temp Feb to April",2046,4.05999332480439
"Surface","yes","ssp585","Mean temp Feb to April",2047,3.63833135815568
"Surface","yes","ssp585","Mean temp Feb to April",2048,4.70703215250732
"Surface","yes","ssp585","Mean temp Feb to April",2049,5.95042078526544
"Surface","yes","ssp585","Mean temp Feb to April",2050,5.63144240000497
"Surface","yes","ssp585","Mean temp Feb to April",2051,4.94238905398868
"Surface","yes","ssp585","Mean temp Feb to April",2052,4.84843856827089
"Surface","yes","ssp585","Mean temp Feb to April",2053,5.36954310484394
"Surface","yes","ssp585","Mean temp Feb to April",2054,5.73358500813326
"Surface","yes","ssp585","Mean temp Feb to April",2055,5.84371416907349
"Surface","yes","ssp585","Mean temp Feb to April",2056,4.72781532863996
"Surface","yes","ssp585","Mean temp Feb to April",2057,5.3533241939896
"Surface","yes","ssp585","Mean temp Feb to April",2058,4.44404793849031
"Surface","yes","ssp585","Mean temp Feb to April",2059,6.1305615565493
"Surface","yes","ssp585","Mean temp Feb to April",2060,4.76663605556101
"Surface","yes","ssp585","Mean temp Feb to April",2061,6.65442256152652
"Surface","yes","ssp585","Mean temp Feb to April",2062,5.61289595313877
"Surface","yes","ssp585","Mean temp Feb to April",2063,5.25074708819096
"Surface","yes","ssp585","Mean temp Feb to April",2064,5.65380458337761
"Surface","yes","ssp585","Mean temp Feb to April",2065,6.83404000712411
"Surface","yes","ssp585","Mean temp Feb to April",2066,6.17730827521384
"Surface","yes","ssp585","Mean temp Feb to April",2067,7.18286959153261
"Surface","yes","ssp585","Mean temp Feb to April",2068,6.87286891105423
"Surface","yes","ssp585","Mean temp Feb to April",2069,5.82723341133119
"Surface","yes","ssp585","Mean temp Feb to April",2070,7.66511018304232
"Surface","yes","ssp585","Mean temp Feb to April",2071,6.30251422751753
"Surface","yes","ssp585","Mean temp Feb to April",2072,5.57369206042745
"Surface","yes","ssp585","Mean temp Feb to April",2073,7.09320799158559
"Surface","yes","ssp585","Mean temp Feb to April",2074,7.60405577812206
"Surface","yes","ssp585","Mean temp Feb to April",2075,7.36771845056521
"Surface","yes","ssp585","Mean temp Feb to April",2076,5.61851926439813
"Surface","yes","ssp585","Mean temp Feb to April",2077,5.53112800798654
"Surface","yes","ssp585","Mean temp Feb to April",2078,6.70551894931214
"Surface","yes","ssp585","Mean temp Feb to April",2079,6.74236318565576
"Surface","yes","ssp585","Mean temp Feb to April",2080,6.93584148436732
"Surface","yes","ssp585","Mean temp Feb to April",2081,6.83667400339602
"Surface","yes","ssp585","Mean temp Feb to April",2082,7.00925571469358
"Surface","yes","ssp585","Mean temp Feb to April",2083,6.83524868251671
"Surface","yes","ssp585","Mean temp Feb to April",2084,5.76164466118869
"Surface","yes","ssp585","Mean temp Feb to April",2085,6.30223634069589
"Surface","yes","ssp585","Mean temp Feb to April",2086,7.77050509949177
"Surface","yes","ssp585","Mean temp Feb to April",2087,7.17309060508282
"Surface","yes","ssp585","Mean temp Feb to April",2088,6.8684399858271
"Surface","yes","ssp585","Mean temp Feb to April",2089,7.42364114150526
"Surface","yes","ssp585","Mean temp Feb to April",2090,7.2422657757601
"Surface","yes","ssp585","Mean temp Feb to April",2091,7.66739738984559
"Surface","yes","ssp585","Mean temp Feb to April",2092,8.19564916246563
"Surface","yes","ssp585","Mean temp Feb to April",2093,7.84629466901245
"Surface","yes","ssp585","Mean temp Feb to April",2094,7.58745699332973
"Surface","yes","ssp585","Mean temp Feb to April",2095,6.57389980370505
"Surface","yes","ssp585","Mean temp Feb to April",2096,6.72948667484821
"Surface","yes","ssp585","Mean temp Feb to April",2097,4.43600095125615
"Surface","yes","ssp585","Mean temp Feb to April",2098,5.61528815093634
"Surface","yes","ssp585","Mean temp Feb to April",2099,8.06059320292884
